DriverCount, 24
OSD_Count, 36

ObjSize, Workers, WriteBytes, DriverWriteBW, WriteBW, DriverWriteIOPs, WriteIOPs, ReadBytes, DriverReadBW, ReadBW,DriverReadIOPs, ReadIOPs, WriteRespTime, ReadRespTime, WriteProcTime, ReadProcTime
0004K, 0024,     33273281,   184867,  4436808,        46,     1104,     39483500,   219369,  5264856,        54,     1296,       21,       18,       21,       18
0004K, 0048,     47027577,   261290,  6270960,        65,     1560,     65022833,   361261,  8670264,        90,     2160,       30,       22,       30,       22
0004K, 0096,     62650154,   348143,  8355432,        88,     2112,     87757500,   487686, 11704464,       121,     2904,       45,       32,       45,       32
0004K, 0192,     74448134,   413769,  9930456,       105,     2520,     92850833,   518597, 12446328,       129,     3096,       76,       61,       76,       61
0004K, 0384,     76809109,   435249, 10445976,       113,     2712,     92260833,   513435, 12322440,       128,     3072,      141,      124,      141,      124
0004K, 0576,     70068765,   546186, 13108464,       138,     3312,     91151333,   507032, 12168768,       126,     3024,      173,      189,      173,      189
0004K, 0768,     78128422,   461508, 11076192,       116,     2784,     89537500,   498602, 11966448,       124,     2976,      273,      256,      273,      256
0004K, 0960,     78978013,   469873, 11276952,       118,     2832,     87532833,   488356, 11720544,       122,     2928,      335,      327,      335,      327
0004K, 1152,     78573150,   456541, 10956984,       115,     2760,     87789666,   489924, 11758176,       122,     2928,      413,      391,      413,      391
0008K, 0024,     65489216,   363859,  8732616,        45,     1080,     70620333,   392360,  9416640,        49,     1176,       21,       20,       21,       20
0008K, 0048,     93525325,   519648, 12471552,        65,     1560,    108287666,   601638, 14439312,        75,     1800,       30,       26,       30,       26
0008K, 0096,    122847656,   682657, 16383768,        86,     2064,    144595666,   803431, 19282344,       100,     2400,       46,       39,       46,       39
0008K, 0192,    145916858,   810995, 19463880,       103,     2472,    163254000,   909471, 21827304,       113,     2712,       76,       70,       76,       70
0008K, 0384,    150837133,   847626, 20343024,       109,     2616,    172779333,   974303, 23383272,       121,     2904,      146,      131,      146,      131
0008K, 0576,    151155352,   897249, 21533976,       115,     2760,    170982000,   968676, 23248224,       121,     2904,      206,      198,      206,      198
0008K, 0768,    152460346,   900042, 21601008,       116,     2784,    168475666,   942423, 22618152,       117,     2808,      273,      271,      273,      271
0008K, 0960,    152776752,   906803, 21763272,       117,     2808,    166280000,   931036, 22344864,       116,     2784,      339,      343,      339,      343
0008K, 1152,    152899002,   894653, 21471672,       116,     2784,    160739666,   926393, 22233432,       115,     2760,      410,      414,      410,      414
0016K, 0024,    130066117,   722665, 17343960,        45,     1080,    136147333,   756434, 18154416,        47,     1128,       21,       21,       21,       21
0016K, 0048,    184395744,  1024535, 24588840,        65,     1560,    208942666,  1160879, 27861096,        72,     1728,       30,       27,       30,       27
0016K, 0096,    242974026,  1350127, 32403048,        86,     2064,    278880000,  1549619, 37190856,        96,     2304,       46,       41,       46,       41
0016K, 0192,    289660869,  1610020, 38640480,       104,     2496,    318382000,  1772446, 42538704,       110,     2640,       76,       72,       76,       72
0016K, 0384,    297495690,  1674114, 40178736,       109,     2616,    338838666,  1928370, 46280880,       120,     2880,      146,      134,      146,      133
0016K, 0576,    299677829,  1793122, 43034928,       117,     2808,    342819333,  1942678, 46624272,       121,     2904,      203,      198,      203,      197
0016K, 0768,    299877898,  1769720, 42473280,       116,     2784,    337681333,  1889620, 45350880,       118,     2832,      275,      271,      275,      271
0016K, 0960,    295473728,  1827835, 43868040,       120,     2880,    328755333,  1849466, 44387184,       115,     2760,      332,      345,      332,      345
0016K, 1152,    303953413,  1785415, 42849960,       118,     2832,    328942666,  1850465, 44411160,       115,     2760,      404,      415,      404,      415
0064K, 0024,    402383274,  3308479, 79403496,        51,     1224,    539456000,  2997242, 71933808,        46,     1104,       19,       21,       19,       21
0064K, 0048,    736901418,  4094371, 98264904,        65,     1560,    821754666,  4565688, 09576512,        71,     1704,       30,       28,       30,       27
0064K, 0096,    967033429,  5373593, 28966232,        86,     2064,   1094853333,  6083608, 46006592,        95,     2280,       46,       42,       45,       41
0064K, 0192,   1151362709,  6399233, 53581592,       104,     2496,   1249677333,  6958798, 67011152,       108,     2592,       76,       73,       76,       73
0064K, 0384,   1177928725,  6627681, 59064344,       109,     2616,   1340797333,  7595668, 82296032,       118,     2832,      146,      135,      146,      134
0064K, 0576,   1170562560,  6966305, 67191320,       115,     2760,   1367325333,  7795984, 87103616,       121,     2904,      207,      197,      207,      197
0064K, 0768,   1182105685,  6983806, 67611344,       115,     2760,   1318445333,  7427792, 78267008,       116,     2784,      274,      276,      274,      275
0064K, 0960,   1188686997,  7109525, 70628600,       118,     2832,   1343976000,  7487227, 79693448,       116,     2784,      337,      342,      336,      341
0064K, 1152,   1192212906,  6915526, 65972624,       115,     2760,   1302274666,  7304138, 75299312,       114,     2736,      412,      420,      411,      420
0256K, 0024,   1910007978, 10611989, 54687736,        41,      984,   2059637333, 11443196, 74636704,        44,     1056,       23,       22,       22,       21
0256K, 0048,   2852400298, 15850702, 80416848,        63,     1512,   3159370666, 17553984, 21295616,        68,     1632,       31,       29,       29,       28
0256K, 0096,   3808778752, 21164766, 07954384,        85,     2040,   4243925333, 23582317, 65975608,        92,     2208,       46,       43,       45,       42
0256K, 0192,   4546426965, 25272748, 06545952,       103,     2472,   4608330666, 30162972, 23911328,       117,     2808,       77,       68,       75,       67
0256K, 0384,   4670480384, 26244035, 29856840,       108,     2592,   5286250666, 29660653, 11855672,       115,     2760,      147,      138,      146,      137
0256K, 0576,   4664879445, 27329639, 55911336,       113,     2712,   5451328000, 30958762, 43010288,       120,     2880,      211,      199,      209,      198
0256K, 0768,   4723746816, 27772095, 66530280,       115,     2760,   5213344000, 29570029, 09680696,       115,     2760,      275,      277,      274,      276
0256K, 0960,   4758028373, 28046531, 73116744,       117,     2808,   5073098666, 28937962, 94511088,       113,     2712,      339,      353,      337,      352
0256K, 1152,   4724014165, 27471514, 59316336,       115,     2760,   5191754666, 29079889, 97917336,       113,     2712,      414,      422,      412,      421
1024K, 0024,   5493923328, 30526167, 32628008,        30,      720,   5615530666, 31200374, 48808976,        30,      720,       32,       32,       26,       28
1024K, 0048,   8329343914, 46280854, 10740496,        46,     1104,   8501162666, 47234213, 33621112,        46,     1104,       43,       43,       36,       38
1024K, 0096,  11293184597, 62758270, 06198480,        63,     1512,  11106176000, 61715851, 81180424,        60,     1440,       62,       66,       55,       61
1024K, 0192,  13239959040, 86162391, 67897384,        88,     2112,  12808618666, 71199642, 08791408,        69,     1656,       90,      115,       82,      110
1024K, 0384,  15504399274, 86228492, 69483808,        90,     2160,  13556096000, 75735336, 17648064,        73,     1752,      177,      216,      169,      211
1024K, 0576,  15664418645, 87562760, 01506240,        92,     2208,  13918976000, 79419319, 06063656,        77,     1848,      260,      310,      252,      305
1024K, 0768,  15486488064, 88027214, 12653136,        92,     2208,  14171306666, 80816075, 39585800,        78,     1872,      345,      407,      337,      402
1024K, 0960,  15556580181, 89832753, 55986072,        94,     2256,  14082560000, 80429049, 30297176,        78,     1872,      422,      508,      414,      503
1024K, 1152,  15676156501, 92425113, 18202712,        97,     2328,  14081024000, 79679549, 12309176,        77,     1848,      493,      617,      484,      612
4096K, 0024,  11172710400, 62088296, 90119104,        15,      360,  11178325333, 62114821, 90755704,        15,      360,       64,       65,       38,       47
