zfs_config,timestamp,pattern,config,blocksize,filesize,numjobs,runtime_secs,read_io_bytes,read_bw_bytes,read_bw_mean,read_iops_mean,write_io_bytes,write_bw_bytes,write_bw_mean,write_iops_mean
raidz1,1579503280364,randread,mach2_zfs_raidz1,128k,64G,12,180,81438834688,452382679,36887.220051,288.070249,0,0,0,0
raidz1,1579596610199,randread,mach2_zfs_raidz1,128k,64G,16,180,141293912064,784874609,47808.446336,373.417506,0,0,0,0
raidz1,1579469801071,randread,mach2_zfs_raidz1,128k,64G,1,180,33839906816,187997393,183387.986111,1432.602778,0,0,0,0
raidz1,1579605679368,randread,mach2_zfs_raidz1,128k,64G,24,180,61499506688,341627865,13960.189657,109.01287,0,0,0,0
raidz1,1579614283779,randread,mach2_zfs_raidz1,128k,64G,28,180,45678854144,253716440,8874.222077,69.202875,0,0,0,0
raidz1,1579477935865,randread,mach2_zfs_raidz1,128k,64G,2,180,41659793408,231427868,112848.004167,881.511111,0,0,0,0
raidz1,1579486070805,randread,mach2_zfs_raidz1,128k,64G,4,180,64109674496,356141115,86825.478472,678.170833,0,0,0,0
raidz1,1579494676857,randread,mach2_zfs_raidz1,128k,64G,8,180,88408719360,491115897,59842.941319,467.414583,0,0,0,0
raidz1,1579502738087,randread,mach2_zfs_raidz1,16k,64G,12,180,10594500608,58853432,4779.175967,298.664969,0,0,0,0
raidz1,1579596067896,randread,mach2_zfs_raidz1,16k,64G,16,180,12602703872,70006076,4261.852875,266.30172,0,0,0,0
raidz1,1579469258744,randread,mach2_zfs_raidz1,16k,64G,1,180,3947741184,21930677,21391.136111,1336.808333,0,0,0,0
raidz1,1579605137020,randread,mach2_zfs_raidz1,16k,64G,24,180,13619134464,75653031,3066.895937,191.582591,0,0,0,0
raidz1,1579613741294,randread,mach2_zfs_raidz1,16k,64G,28,180,13717553152,76190850,2646.13125,165.271627,0,0,0,0
raidz1,1579477393668,randread,mach2_zfs_raidz1,16k,64G,2,180,3622027264,20120920,9805.172222,612.606944,0,0,0,0
raidz1,1579485528564,randread,mach2_zfs_raidz1,16k,64G,4,180,5303173120,29460272,7183.589013,448.77886,0,0,0,0
raidz1,1579494134635,randread,mach2_zfs_raidz1,16k,64G,8,180,8641511424,48005729,5848.687847,365.495833,0,0,0,0
raidz1,1579503641925,randread,mach2_zfs_raidz1,1M,64G,12,180,87731208192,487336037,39591.240113,38.605226,0,0,0,0
raidz1,1579596971795,randread,mach2_zfs_raidz1,1M,64G,16,180,112023568384,622228711,37923.548524,36.943256,0,0,0,0
raidz1,1579470162528,randread,mach2_zfs_raidz1,1M,64G,1,180,38525730816,214030648,209582.033613,204.464986,0,0,0,0
raidz1,1579606041009,randread,mach2_zfs_raidz1,1M,64G,24,180,114643959808,636705727,25854.753683,25.187381,0,0,0,0
raidz1,1579614645476,randread,mach2_zfs_raidz1,1M,64G,28,180,109139984384,606070615,21100.299498,20.530606,0,0,0,0
raidz1,1579478297315,randread,mach2_zfs_raidz1,1M,64G,2,180,37816893440,210078680,102667.229692,100.082633,0,0,0,0
raidz1,1579486432268,randread,mach2_zfs_raidz1,1M,64G,4,180,51462012928,285890542,69674.758935,67.88227,0,0,0,0
raidz1,1579495038411,randread,mach2_zfs_raidz1,1M,64G,8,180,79917219840,443935228,54070.041798,52.650861,0,0,0,0
raidz1,1579503822750,randread,mach2_zfs_raidz1,2M,64G,12,180,97886666752,543612470,44298.841121,21.538222,0,0,0,0
raidz1,1579597152653,randread,mach2_zfs_raidz1,2M,64G,16,180,124893790208,693665558,42435.688829,20.668829,0,0,0,0
raidz1,1579470343315,randread,mach2_zfs_raidz1,2M,64G,1,180,52017758208,288912107,282181.723464,137.581006,0,0,0,0
raidz1,1579606221922,randread,mach2_zfs_raidz1,2M,64G,24,180,116740063232,648138217,26444.46593,12.83585,0,0,0,0
raidz1,1579614826418,randread,mach2_zfs_raidz1,2M,64G,28,180,118870769664,660041142,23228.404828,11.287759,0,0,0,0
raidz1,1579478478080,randread,mach2_zfs_raidz1,2M,64G,2,180,47695527936,264935414,129273.779494,62.817416,0,0,0,0
raidz1,1579486613026,randread,mach2_zfs_raidz1,2M,64G,4,180,77219233792,428926638,104411.392556,50.866573,0,0,0,0
raidz1,1579495219217,randread,mach2_zfs_raidz1,2M,64G,8,180,95563022336,530784778,64473.177094,31.338989,0,0,0,0
raidz1,1579502918842,randread,mach2_zfs_raidz1,32k,64G,12,180,24505155584,136126140,11052.174306,345.272685,0,0,0,0
raidz1,1579596248648,randread,mach2_zfs_raidz1,32k,64G,16,180,30838390784,171302504,10432.959722,325.951042,0,0,0,0
raidz1,1579469439501,randread,mach2_zfs_raidz1,32k,64G,1,180,9456844800,52528980,51250.288889,1601.433333,0,0,0,0
raidz1,1579605317807,randread,mach2_zfs_raidz1,32k,64G,24,180,34265890816,190336452,7723.177683,241.291932,0,0,0,0
raidz1,1579613922119,randread,mach2_zfs_raidz1,32k,64G,28,180,34478784512,191513692,6654.807124,207.913583,0,0,0,0
raidz1,1579477574387,randread,mach2_zfs_raidz1,32k,64G,2,180,9036464128,50198953,24510.74548,765.795549,0,0,0,0
raidz1,1579485709322,randread,mach2_zfs_raidz1,32k,64G,4,180,13371047936,74276584,18107.200694,565.779861,0,0,0,0
raidz1,1579494315385,randread,mach2_zfs_raidz1,32k,64G,8,180,19653787648,109174972,13306.370486,415.763194,0,0,0,0
raidz1,1579502376578,randread,mach2_zfs_raidz1,4k,64G,12,180,1627615232,9041151,736.059302,183.915349,0,0,0,0
raidz1,1579595706379,randread,mach2_zfs_raidz1,4k,64G,16,180,2015404032,11195382,684.140538,170.977304,0,0,0,0
raidz1,1579468897345,randread,mach2_zfs_raidz1,4k,64G,1,180,395055104,2194628,2139.244444,534.766667,0,0,0,0
raidz1,1579604775467,randread,mach2_zfs_raidz1,4k,64G,24,180,2311245824,12835690,523.604505,130.764967,0,0,0,0
raidz1,1579613379668,randread,mach2_zfs_raidz1,4k,64G,28,180,2359087104,13103346,457.859772,114.423885,0,0,0,0
raidz1,1579477032199,randread,mach2_zfs_raidz1,4k,64G,2,180,389480448,2163660,1053.1125,263.204167,0,0,0,0
raidz1,1579485167107,randread,mach2_zfs_raidz1,4k,64G,4,180,562851840,3126885,762.293872,190.502786,0,0,0,0
raidz1,1579493773140,randread,mach2_zfs_raidz1,4k,64G,8,180,1275224064,7084145,864.63855,216.026839,0,0,0,0
raidz1,1579503461125,randread,mach2_zfs_raidz1,512k,64G,12,180,51916570624,288378931,23424.123474,45.571362,0,0,0,0
raidz1,1579596791007,randread,mach2_zfs_raidz1,512k,64G,16,180,64010846208,355526930,21649.946803,42.220187,0,0,0,0
raidz1,1579469981793,randread,mach2_zfs_raidz1,512k,64G,1,180,25702694912,142784023,139399.222841,272.130919,0,0,0,0
raidz1,1579605860185,randread,mach2_zfs_raidz1,512k,64G,24,180,68944920576,382923096,15562.089349,30.349349,0,0,0,0
raidz1,1579614464608,randread,mach2_zfs_raidz1,512k,64G,28,180,68833247232,382249781,13328.084709,25.956167,0,0,0,0
raidz1,1579478116588,randread,mach2_zfs_raidz1,512k,64G,2,180,22576365568,125417285,61372.215989,119.611501,0,0,0,0
raidz1,1579486251549,randread,mach2_zfs_raidz1,512k,64G,4,180,32266256384,179239056,43748.675543,85.219341,0,0,0,0
raidz1,1579494857643,randread,mach2_zfs_raidz1,512k,64G,8,180,42138599424,234040919,28524.744382,55.631671,0,0,0,0
raidz1,1579503099597,randread,mach2_zfs_raidz1,64k,64G,12,180,51900579840,288306122,23411.283565,365.599306,0,0,0,0
raidz1,1579596429422,randread,mach2_zfs_raidz1,64k,64G,16,180,63788482560,354335182,21580.969618,337.159028,0,0,0,0
raidz1,1579469620295,randread,mach2_zfs_raidz1,64k,64G,1,180,21117075456,117294278,114448.369444,1788.138889,0,0,0,0
raidz1,1579605498594,randread,mach2_zfs_raidz1,64k,64G,24,180,69097881600,383819547,15572.503472,243.277662,0,0,0,0
raidz1,1579614102982,randread,mach2_zfs_raidz1,64k,64G,28,180,69393055744,385358551,13399.547872,209.310051,0,0,0,0
raidz1,1579477755131,randread,mach2_zfs_raidz1,64k,64G,2,180,20509949952,113932773,55618.022253,868.828929,0,0,0,0
raidz1,1579485890050,randread,mach2_zfs_raidz1,64k,64G,4,180,30573199360,169837897,41411.525694,646.976389,0,0,0,0
raidz1,1579494496126,randread,mach2_zfs_raidz1,64k,64G,8,180,42045079552,233563014,28468.788194,444.6375,0,0,0,0
raidz1,1579502557332,randread,mach2_zfs_raidz1,8k,64G,12,180,4865990656,27029377,2193.988194,274.139815,0,0,0,0
raidz1,1579595887132,randread,mach2_zfs_raidz1,8k,64G,16,180,6080438272,33777022,2055.384375,256.853125,0,0,0,0
raidz1,1579469078036,randread,mach2_zfs_raidz1,8k,64G,1,180,1362870272,7571459,7391.29805,923.816156,0,0,0,0
raidz1,1579604956254,randread,mach2_zfs_raidz1,8k,64G,24,180,6686081024,37140561,1505.639079,188.15268,0,0,0,0
raidz1,1579613560462,randread,mach2_zfs_raidz1,8k,64G,28,180,6740516864,37440035,1299.940961,162.317027,0,0,0,0
raidz1,1579477212931,randread,mach2_zfs_raidz1,8k,64G,2,180,1290633216,7169746,3491.902778,436.306944,0,0,0,0
raidz1,1579485347823,randread,mach2_zfs_raidz1,8k,64G,4,180,1897390080,10540646,2568.230716,320.872828,0,0,0,0
raidz1,1579493953886,randread,mach2_zfs_raidz1,8k,64G,8,180,3912073216,21731929,2646.550886,330.775964,0,0,0,0
raidz1,1579501653019,randrw,mach2_zfs_raidz1,128k,64G,12,180,35917529088,199518551,16190.470833,126.440972,35937845248,199631405,16201.557176,126.527315
raidz1,1579594982639,randrw,mach2_zfs_raidz1,128k,64G,16,180,44850872320,249147982,15160.007986,118.403299,44864503808,249223705,15167.197743,118.459722
raidz1,1579468174062,randrw,mach2_zfs_raidz1,128k,64G,1,180,14976024576,83198287,81150.836111,633.822222,14941552640,83006781,80978.177778,632.475
raidz1,1579604051477,randrw,mach2_zfs_raidz1,128k,64G,24,180,44954681344,249706611,10114.420255,78.961227,45047218176,250220619,10138.028244,79.145734
raidz1,1579612655661,randrw,mach2_zfs_raidz1,128k,64G,28,180,44849692672,249117903,8649.787728,67.525119,44979847168,249840847,8676.41086,67.733373
raidz1,1579476308884,randrw,mach2_zfs_raidz1,128k,64G,2,180,16487022592,91589481,44656.351389,348.638889,16492003328,91617150,44670.568056,348.751389
raidz1,1579484443710,randrw,mach2_zfs_raidz1,128k,64G,4,180,24662376448,137005591,33416.128562,260.920778,24655429632,136966999,33402.612231,260.817234
raidz1,1579493049584,randrw,mach2_zfs_raidz1,128k,64G,8,180,29986521088,166563097,20283.706944,158.384028,30012080128,166705068,20302.465278,158.529861
raidz1,1579501110706,randrw,mach2_zfs_raidz1,16k,64G,12,180,2225291264,12360600,1001.67115,62.521104,2231615488,12395729,1004.834416,62.718692
raidz1,1579594440322,randrw,mach2_zfs_raidz1,16k,64G,16,180,2831532032,15728985,957.385406,59.768548,2841870336,15786414,960.465169,59.961163
raidz1,1579467631915,randrw,mach2_zfs_raidz1,16k,64G,1,180,1134247936,6300992,6146.530556,384.002778,1128087552,6266770,6111.133333,381.794444
raidz1,1579603509115,randrw,mach2_zfs_raidz1,16k,64G,24,180,2934718464,16300550,659.557516,41.170865,2950053888,16385729,662.988508,41.385374
raidz1,1579612113204,randrw,mach2_zfs_raidz1,16k,64G,28,180,2931474432,16282079,564.161971,35.195022,2941140992,16335769,566.015529,35.31097
raidz1,1579475766686,randrw,mach2_zfs_raidz1,16k,64G,2,180,1038876672,5771408,2817.557103,175.785515,1043513344,5797167,2828.732591,176.487465
raidz1,1579483901541,randrw,mach2_zfs_raidz1,16k,64G,4,180,1520975872,8449396,2062.089833,128.700557,1527398400,8485075,2070.85376,129.249304
raidz1,1579492507194,randrw,mach2_zfs_raidz1,16k,64G,8,180,1835139072,10194141,1241.886838,77.486072,1836285952,10200511,1242.644847,77.533426
raidz1,1579502014762,randrw,mach2_zfs_raidz1,1M,64G,12,180,48365568000,268617014,21785.733818,21.220685,48998907904,272134514,22056.723095,21.485346
raidz1,1579595344481,randrw,mach2_zfs_raidz1,1M,64G,16,180,59303264256,329374745,20028.254798,19.510653,59832795136,332315799,20191.669307,19.670363
raidz1,1579468535675,randrw,mach2_zfs_raidz1,1M,64G,1,180,15580790784,86554178,84341.852368,82.206128,15513681920,86181376,84022.866295,81.89415
raidz1,1579604413425,randrw,mach2_zfs_raidz1,1M,64G,24,180,57624494080,319940558,13038.806925,12.682866,57780731904,320808016,13084.848757,12.727403
raidz1,1579613017605,randrw,mach2_zfs_raidz1,1M,64G,28,180,53756297216,298543264,10637.750737,10.324347,53681848320,298129801,10586.282223,10.273623
raidz1,1579476670525,randrw,mach2_zfs_raidz1,1M,64G,2,180,22675456000,125951664,61285.736769,59.721448,22845325312,126895209,61770.689415,60.194986
raidz1,1579484805353,randrw,mach2_zfs_raidz1,1M,64G,4,180,35235299328,195724478,47553.866806,46.343096,35482763264,197099087,47957.505579,46.737796
raidz1,1579493411312,randrw,mach2_zfs_raidz1,1M,64G,8,180,45091913728,250439673,30490.116678,29.716538,45416972288,252245043,30694.639103,29.916258
raidz1,1579502195786,randrw,mach2_zfs_raidz1,2M,64G,12,180,53416558592,296628471,24203.90189,11.712611,53821308928,298876098,24352.456174,11.78481
raidz1,1579595525572,randrw,mach2_zfs_raidz1,2M,64G,16,180,68845305856,382257308,23361.661942,11.358335,69048729600,383386800,23412.95343,11.383306
raidz1,1579468716636,randrw,mach2_zfs_raidz1,2M,64G,1,180,20250099712,112493679,109382.442897,53.178273,20203962368,112237376,109133.002786,53.05571
raidz1,1579604594596,randrw,mach2_zfs_raidz1,2M,64G,24,180,67417145344,374238226,15821.308227,7.656515,67572334592,375099695,15809.994834,7.650202
raidz1,1579613198792,randrw,mach2_zfs_raidz1,2M,64G,28,180,59844329472,332095811,12769.075657,6.182954,60188262400,334004408,12863.86582,6.22989
raidz1,1579476851478,randrw,mach2_zfs_raidz1,2M,64G,2,180,28399632384,157757330,76468.915042,37.249304,28779216896,159865887,77581.164345,37.792479
raidz1,1579484986397,randrw,mach2_zfs_raidz1,2M,64G,4,180,36777754624,204252774,49579.87798,24.075736,37757124608,209691906,51007.047686,24.772791
raidz1,1579493592367,randrw,mach2_zfs_raidz1,2M,64G,8,180,50992250880,283085831,34450.745403,16.756365,51745128448,287265466,34998.768116,17.023683
raidz1,1579501291474,randrw,mach2_zfs_raidz1,32k,64G,12,180,5284167680,29353388,2381.331401,74.37987,5294129152,29408724,2386.243682,74.533272
raidz1,1579594621103,randrw,mach2_zfs_raidz1,32k,64G,16,180,6549045248,36378127,2218.974359,69.182278,6567297024,36479511,2224.789327,69.363795
raidz1,1579467812633,randrw,mach2_zfs_raidz1,32k,64G,1,180,2885812224,16032022,15640.088889,488.608333,2876899328,15982507,15590.316667,487.055556
raidz1,1579603689880,randrw,mach2_zfs_raidz1,32k,64G,24,180,6772424704,37619565,1524.729617,47.519977,6811942912,37839082,1533.028917,47.779468
raidz1,1579612293984,randrw,mach2_zfs_raidz1,32k,64G,28,180,6740541440,37441420,1298.987556,40.545445,6768918528,37599045,1304.607865,40.721055
raidz1,1579475947410,randrw,mach2_zfs_raidz1,32k,64G,2,180,2678882304,14882018,7269.973538,226.983287,2681372672,14895852,7282.584958,227.377437
raidz1,1579484082258,randrw,mach2_zfs_raidz1,32k,64G,4,180,4011819008,22286397,5446.372822,169.963763,4032102400,22399075,5473.568641,170.814634
raidz1,1579492688023,randrw,mach2_zfs_raidz1,32k,64G,8,180,4359913472,24217974,2951.358386,92.169798,4362698752,24233445,2953.874347,92.248869
raidz1,1579500749189,randrw,mach2_zfs_raidz1,4k,64G,12,180,278712320,1548272,126.897146,31.630337,281014272,1561060,127.81816,31.860613
raidz1,1579594078724,randrw,mach2_zfs_raidz1,4k,64G,16,180,369471488,2052425,126.057764,31.45257,371990528,2066418,126.811617,31.641066
raidz1,1579467270484,randrw,mach2_zfs_raidz1,4k,64G,1,180,105324544,584996,570.835655,142.481894,105021440,583313,569.264624,142.091922
raidz1,1579603147552,randrw,mach2_zfs_raidz1,4k,64G,24,180,384294912,2134675,87.577179,21.840062,386162688,2145050,87.982556,21.94126
raidz1,1579611751597,randrw,mach2_zfs_raidz1,4k,64G,28,180,384978944,2138284,75.329415,18.774632,385806336,2142880,75.421112,18.797568
raidz1,1579475405242,randrw,mach2_zfs_raidz1,4k,64G,2,180,88731648,492849,240.920168,60.012605,89227264,495602,242.432773,60.390756
raidz1,1579483540085,randrw,mach2_zfs_raidz1,4k,64G,4,180,145260544,806944,197.946554,49.364276,146292736,812678,199.43772,49.737509
raidz1,1579492145669,randrw,mach2_zfs_raidz1,4k,64G,8,180,225046528,1250154,153.431193,38.256175,226185216,1256479,154.136909,38.432604
raidz1,1579501833841,randrw,mach2_zfs_raidz1,512k,64G,12,180,38707134464,214978725,17443.967569,34.020999,38966132736,216417196,17576.057396,34.279048
raidz1,1579595163542,randrw,mach2_zfs_raidz1,512k,64G,16,180,47372566528,263031873,16016.848809,31.21794,47660924928,264632957,16129.126139,31.437281
raidz1,1579468354832,randrw,mach2_zfs_raidz1,512k,64G,1,180,8584167424,47684520,46473.097493,90.534819,8578400256,47652484,46481.771588,90.551532
raidz1,1579604232375,randrw,mach2_zfs_raidz1,512k,64G,24,180,44907888640,249359434,10103.828867,19.689234,45133856768,250614164,10154.60181,19.788385
raidz1,1579612836572,randrw,mach2_zfs_raidz1,512k,64G,28,180,45427458048,252243040,8801.968677,17.138773,45519732736,252755409,8810.675446,17.155693
raidz1,1579476489673,randrw,mach2_zfs_raidz1,512k,64G,2,180,12298223616,68317012,33236.059889,64.576602,12389449728,68823776,33501.388579,65.094708
raidz1,1579484624504,randrw,mach2_zfs_raidz1,512k,64G,4,180,20649607168,114706657,27970.567341,54.5806,20793262080,115504647,28141.849965,54.915562
raidz1,1579493230407,randrw,mach2_zfs_raidz1,512k,64G,8,180,33024376832,183440225,22340.292598,43.47486,33108787200,183909098,22376.403282,43.545391
raidz1,1579501472265,randrw,mach2_zfs_raidz1,64k,64G,12,180,12197888000,67758515,5504.366589,85.952204,12214861824,67852804,5510.016933,86.040362
raidz1,1579594801887,randrw,mach2_zfs_raidz1,64k,64G,16,180,15022751744,83437945,5083.862315,79.396867,15034220544,83501644,5087.845257,79.459182
raidz1,1579467993346,randrw,mach2_zfs_raidz1,64k,64G,1,180,6685327360,37139882,36223.986111,565.747222,6671695872,37064153,36155.580556,564.680556
raidz1,1579603870675,randrw,mach2_zfs_raidz1,64k,64G,24,180,15584067584,86563245,3517.481443,54.900756,15659892736,86984423,3534.969863,55.173959
raidz1,1579612474825,randrw,mach2_zfs_raidz1,64k,64G,28,180,15399256064,85509143,2971.344086,46.384209,15463612416,85866501,2982.4999,46.558332
raidz1,1579476128135,randrw,mach2_zfs_raidz1,64k,64G,2,180,6583287808,36572602,17828.413889,278.429167,6587875328,36598087,17841.218056,278.629167
raidz1,1579484262982,randrw,mach2_zfs_raidz1,64k,64G,4,180,8706654208,48367076,11805.899791,184.336117,8711634944,48394745,11816.05428,184.494781
raidz1,1579492868795,randrw,mach2_zfs_raidz1,64k,64G,8,180,10056892416,55865727,6809.582811,106.315588,10064756736,55909413,6813.7881,106.380654
raidz1,1579500929953,randrw,mach2_zfs_raidz1,8k,64G,12,180,796499968,4424434,359.14595,44.817272,800366592,4445912,360.917132,45.038873
raidz1,1579594259483,randrw,mach2_zfs_raidz1,8k,64G,16,180,1026752512,5703388,347.07558,43.304416,1032011776,5732602,348.799302,43.52007
raidz1,1579467451187,randrw,mach2_zfs_raidz1,8k,64G,1,180,399196160,2217694,2161.775,269.966667,396664832,2203632,2147.691667,268.205556
raidz1,1579603328322,randrw,mach2_zfs_raidz1,8k,64G,24,180,1054318592,5856154,238.230319,29.716378,1060397056,5889916,239.65089,29.893978
raidz1,1579611932407,randrw,mach2_zfs_raidz1,8k,64G,28,180,1042874368,5792105,201.904144,25.19483,1045430272,5806300,202.480386,25.266848
raidz1,1579475585966,randrw,mach2_zfs_raidz1,8k,64G,2,180,350830592,1948636,947.986111,118.175,351535104,1952549,949.695833,118.3875
raidz1,1579483720832,randrw,mach2_zfs_raidz1,8k,64G,4,180,551100416,3061515,744.708131,92.966644,554680320,3081403,749.326616,93.543433
raidz1,1579492326418,randrw,mach2_zfs_raidz1,8k,64G,8,180,658079744,3655734,445.740922,55.601606,658030592,3655461,445.475559,55.568785
raidz1,1579504907301,randwrite,mach2_zfs_raidz1,128k,64G,12,180,0,0,0,0,224028524544,1244582171,101173.008337,790.382353
raidz1,1579598237443,randwrite,mach2_zfs_raidz1,128k,64G,16,180,0,0,0,0,219191967744,1217726388,74170.843799,579.430684
raidz1,1579471427751,randwrite,mach2_zfs_raidz1,128k,64G,1,180,0,0,0,0,275708641280,1531706164,1497545.172702,11699.548747
raidz1,1579607306700,randwrite,mach2_zfs_raidz1,128k,64G,24,180,0,0,0,0,185264373760,1029212213,41768.511127,326.280134
raidz1,1579615911602,randwrite,mach2_zfs_raidz1,128k,64G,28,180,0,0,0,0,168595292160,936614494,32608.186606,254.718104
raidz1,1579479562547,randwrite,mach2_zfs_raidz1,128k,64G,2,180,0,0,0,0,241401069568,1341109602,654096.779944,5110.100279
raidz1,1579487697584,randwrite,mach2_zfs_raidz1,128k,64G,4,180,0,0,0,0,275958333440,1531961392,373943.859527,2921.408206
raidz1,1579496303699,randwrite,mach2_zfs_raidz1,128k,64G,8,180,0,0,0,0,257685585920,1431578635,174661.579861,1364.513889
raidz1,1579504365007,randwrite,mach2_zfs_raidz1,16k,64G,12,180,0,0,0,0,4752261120,26399397,2148.412477,134.203445
raidz1,1579597695008,randwrite,mach2_zfs_raidz1,16k,64G,16,180,0,0,0,0,5366677504,29811562,1814.642795,113.384736
raidz1,1579470885573,randwrite,mach2_zfs_raidz1,16k,64G,1,180,0,0,0,0,2311356416,12840797,12550.077994,784.311978
raidz1,1579606764350,randwrite,mach2_zfs_raidz1,16k,64G,24,180,0,0,0,0,5766725632,32033093,1301.662896,81.302355
raidz1,1579615369019,randwrite,mach2_zfs_raidz1,16k,64G,28,180,0,0,0,0,5672681472,31499672,1096.536807,68.489498
raidz1,1579479020346,randwrite,mach2_zfs_raidz1,16k,64G,2,180,0,0,0,0,2291531776,12730237,6227.624826,389.069735
raidz1,1579487155228,randwrite,mach2_zfs_raidz1,16k,64G,4,180,0,0,0,0,3128229888,17378089,4241.663649,265.025766
raidz1,1579495761448,randwrite,mach2_zfs_raidz1,16k,64G,8,180,0,0,0,0,4028235776,22377347,2736.810622,171.024808
raidz1,1579505269231,randwrite,mach2_zfs_raidz1,1M,64G,12,180,0,0,0,0,264608153600,1470012630,119066.059546,116.240964
raidz1,1579598599421,randwrite,mach2_zfs_raidz1,1M,64G,16,180,0,0,0,0,273469669376,1518854037,92201.299826,89.982927
raidz1,1579471789558,randwrite,mach2_zfs_raidz1,1M,64G,1,180,0,0,0,0,273672044544,1520391800,1483818.458333,1448.997222
raidz1,1579607668666,randwrite,mach2_zfs_raidz1,1M,64G,24,180,0,0,0,0,266327818240,1479475700,59719.95709,58.259911
raidz1,1579616273724,randwrite,mach2_zfs_raidz1,1M,64G,28,180,0,0,0,0,257332084736,1428503698,49691.041136,48.469349
raidz1,1579479924257,randwrite,mach2_zfs_raidz1,1M,64G,2,180,0,0,0,0,246842130432,1371337550,667928.387187,652.249304
raidz1,1579488059256,randwrite,mach2_zfs_raidz1,1M,64G,4,180,0,0,0,0,269542752256,1497451415,365234.799582,356.64231
raidz1,1579496665524,randwrite,mach2_zfs_raidz1,1M,64G,8,180,0,0,0,0,278906535936,1549368856,188394.379514,183.937153
raidz1,1579505450477,randwrite,mach2_zfs_raidz1,2M,64G,12,180,0,0,0,0,268454330368,1490245587,120777.979692,58.90733
raidz1,1579598780535,randwrite,mach2_zfs_raidz1,2M,64G,16,180,0,0,0,0,281555238912,1563865622,95240.804077,46.439466
raidz1,1579471970555,randwrite,mach2_zfs_raidz1,2M,64G,1,180,0,0,0,0,273420386304,1518993707,1482733.841226,723.963788
raidz1,1579607849827,randwrite,mach2_zfs_raidz1,2M,64G,24,180,0,0,0,0,266971643904,1482492205,60124.353943,29.295307
raidz1,1579616455040,randwrite,mach2_zfs_raidz1,2M,64G,28,180,0,0,0,0,242887950336,1348845457,46821.499745,22.79297
raidz1,1579480105250,randwrite,mach2_zfs_raidz1,2M,64G,2,180,0,0,0,0,251565965312,1397565403,682475.478382,333.227336
raidz1,1579488240391,randwrite,mach2_zfs_raidz1,2M,64G,4,180,0,0,0,0,278564700160,1547074570,376333.866667,183.725694
raidz1,1579496846753,randwrite,mach2_zfs_raidz1,2M,64G,8,180,0,0,0,0,279126736896,1550549038,188051.754435,91.761043
raidz1,1579504545766,randwrite,mach2_zfs_raidz1,32k,64G,12,180,0,0,0,0,10394861568,57741852,4713.816103,147.265344
raidz1,1579597875768,randwrite,mach2_zfs_raidz1,32k,64G,16,180,0,0,0,0,11519361024,63991828,3906.747729,122.032844
raidz1,1579471066298,randwrite,mach2_zfs_raidz1,32k,64G,1,180,0,0,0,0,7955218432,44194184,43126.219444,1347.586111
raidz1,1579606945127,randwrite,mach2_zfs_raidz1,32k,64G,24,180,0,0,0,0,12198641664,67760443,2756.750496,86.098845
raidz1,1579615549842,randwrite,mach2_zfs_raidz1,32k,64G,28,180,0,0,0,0,12194709504,67731829,2358.637921,73.672977
raidz1,1579479201074,randwrite,mach2_zfs_raidz1,32k,64G,2,180,0,0,0,0,4471652352,24841685,12155.384937,379.779637
raidz1,1579487335990,randwrite,mach2_zfs_raidz1,32k,64G,4,180,0,0,0,0,6973685760,38735166,9459.380919,295.516713
raidz1,1579495942169,randwrite,mach2_zfs_raidz1,32k,64G,8,180,0,0,0,0,9053798400,50294688,6141.806834,191.888424
raidz1,1579504003483,randwrite,mach2_zfs_raidz1,4k,64G,12,180,0,0,0,0,796139520,4422579,356.953472,89.136343
raidz1,1579597333457,randwrite,mach2_zfs_raidz1,4k,64G,16,180,0,0,0,0,967254016,5372081,325.394508,81.304831
raidz1,1579470524131,randwrite,mach2_zfs_raidz1,4k,64G,1,180,0,0,0,0,916201472,5089781,4965.291667,1241.208333
raidz1,1579606402731,randwrite,mach2_zfs_raidz1,4k,64G,24,180,0,0,0,0,1016508416,5645575,226.870139,56.678125
raidz1,1579615007306,randwrite,mach2_zfs_raidz1,4k,64G,28,180,0,0,0,0,976285696,5420647,186.273737,46.519198
raidz1,1579478658838,randwrite,mach2_zfs_raidz1,4k,64G,2,180,0,0,0,0,400539648,2225071,1083.760779,270.821975
raidz1,1579486793763,randwrite,mach2_zfs_raidz1,4k,64G,4,180,0,0,0,0,544776192,3026366,735.843056,183.888889
raidz1,1579495399946,randwrite,mach2_zfs_raidz1,4k,64G,8,180,0,0,0,0,680583168,3780513,460.065831,114.968304
raidz1,1579505088269,randwrite,mach2_zfs_raidz1,512k,64G,12,180,0,0,0,0,259648913408,1441989267,116915.397079,228.312239
raidz1,1579598418400,randwrite,mach2_zfs_raidz1,512k,64G,16,180,0,0,0,0,264685223936,1470408114,89273.731117,174.315698
raidz1,1579471608632,randwrite,mach2_zfs_raidz1,512k,64G,1,180,0,0,0,0,271076294656,1505971048,1470150.111421,2871.331476
raidz1,1579607487651,randwrite,mach2_zfs_raidz1,512k,64G,24,180,0,0,0,0,252100739072,1400474076,56712.961485,110.720766
raidz1,1579616092600,randwrite,mach2_zfs_raidz1,512k,64G,28,180,0,0,0,0,245858566144,1365751935,47268.065077,92.264878
raidz1,1579479743362,randwrite,mach2_zfs_raidz1,512k,64G,2,180,0,0,0,0,245943500800,1366345191,667567.064067,1303.799443
raidz1,1579487878368,randwrite,mach2_zfs_raidz1,512k,64G,4,180,0,0,0,0,277107703808,1539453033,375658.577886,733.684979
raidz1,1579496484596,randwrite,mach2_zfs_raidz1,512k,64G,8,180,0,0,0,0,276490092544,1536039002,187001.935675,365.20306
raidz1,1579504726535,randwrite,mach2_zfs_raidz1,64k,64G,12,180,0,0,0,0,22019375104,122319668,9940.2183,155.284255
raidz1,1579598056574,randwrite,mach2_zfs_raidz1,64k,64G,16,180,0,0,0,0,26628128768,147883111,9043.264464,141.233001
raidz1,1579471247032,randwrite,mach2_zfs_raidz1,64k,64G,1,180,0,0,0,0,15733096448,87401721,85752.740223,1339.77095
raidz1,1579607125926,randwrite,mach2_zfs_raidz1,64k,64G,24,180,0,0,0,0,26393968640,146602209,5975.050228,93.317603
raidz1,1579615730760,randwrite,mach2_zfs_raidz1,64k,64G,28,180,0,0,0,0,27058831360,150255052,5244.5832,81.89968
raidz1,1579479381805,randwrite,mach2_zfs_raidz1,64k,64G,2,180,0,0,0,0,16507731968,91700961,44725.044444,698.745833
raidz1,1579487516723,randwrite,mach2_zfs_raidz1,64k,64G,4,180,0,0,0,0,14708506624,81706662,19954.839136,311.70195
raidz1,1579496122950,randwrite,mach2_zfs_raidz1,64k,64G,8,180,0,0,0,0,19153420288,106392522,12976.030292,202.671309
raidz1,1579504184256,randwrite,mach2_zfs_raidz1,8k,64G,12,180,0,0,0,0,1963900928,10908803,885.493144,110.651871
raidz1,1579597514215,randwrite,mach2_zfs_raidz1,8k,64G,16,180,0,0,0,0,2350497792,13057087,793.356198,99.123781
raidz1,1579470704833,randwrite,mach2_zfs_raidz1,8k,64G,1,180,0,0,0,0,340312064,1890549,1849.594972,231.039106
raidz1,1579606583553,randwrite,mach2_zfs_raidz1,8k,64G,24,180,0,0,0,0,2496913408,13869198,561.189048,70.108825
raidz1,1579615188191,randwrite,mach2_zfs_raidz1,8k,64G,28,180,0,0,0,0,2485313536,13805303,478.692216,59.771257
raidz1,1579478839629,randwrite,mach2_zfs_raidz1,8k,64G,2,180,0,0,0,0,848306176,4712131,2307.280726,288.255587
raidz1,1579486974499,randwrite,mach2_zfs_raidz1,8k,64G,4,180,0,0,0,0,1259413504,6996275,1706.405292,213.181058
raidz1,1579495580696,randwrite,mach2_zfs_raidz1,8k,64G,8,180,0,0,0,0,1648943104,9159471,1117.54187,139.640614
raidz1,1579500025992,read,mach2_zfs_raidz1,128k,64G,12,180,273110007808,1516966000,123366.031033,963.763316,0,0,0,0
raidz1,1579593355393,read,mach2_zfs_raidz1,128k,64G,16,180,265206366208,1472477034,89915.644074,702.419013,0,0,0,0
raidz1,1579466547443,read,mach2_zfs_raidz1,128k,64G,1,180,93165584384,517580829,505150.25,3946.386111,0,0,0,0
raidz1,1579602424130,read,mach2_zfs_raidz1,128k,64G,24,180,267280056320,1484163610,60456.998028,472.301589,0,0,0,0
raidz1,1579611028155,read,mach2_zfs_raidz1,128k,64G,28,180,285944315904,1587679847,55407.437133,432.85409,0,0,0,0
raidz1,1579474682251,read,mach2_zfs_raidz1,128k,64G,2,180,186041237504,1033522238,504349.291667,3940.1125,0,0,0,0
raidz1,1579482817138,read,mach2_zfs_raidz1,128k,64G,4,180,249586253824,1386559486,338321.006954,2643.072323,0,0,0,0
raidz1,1579491422551,read,mach2_zfs_raidz1,128k,64G,8,180,267126571008,1483756240,180992.121001,1413.941586,0,0,0,0
raidz1,1579499483619,read,mach2_zfs_raidz1,16k,64G,12,180,276148125696,1533883563,124797.667285,7799.822057,0,0,0,0
raidz1,1579592812879,read,mach2_zfs_raidz1,16k,64G,16,180,267659378688,1486476281,90732.134595,5670.717958,0,0,0,0
raidz1,1579466005253,read,mach2_zfs_raidz1,16k,64G,1,180,83788578816,465489518,454486.465181,28405.314763,0,0,0,0
raidz1,1579601881569,read,mach2_zfs_raidz1,16k,64G,24,180,273680433152,1519720762,61849.916667,3865.595486,0,0,0,0
raidz1,1579610485542,read,mach2_zfs_raidz1,16k,64G,28,180,289680687104,1608506089,56113.515085,3507.063815,0,0,0,0
raidz1,1579474140107,read,mach2_zfs_raidz1,16k,64G,2,180,162246721536,901365667,439918.449861,27494.821727,0,0,0,0
raidz1,1579482274935,read,mach2_zfs_raidz1,16k,64G,4,180,247962550272,1377485544,336202.05911,21012.577191,0,0,0,0
raidz1,1579490880212,read,mach2_zfs_raidz1,16k,64G,8,180,270503084032,1502502757,183382.16852,11461.357192,0,0,0,0
raidz1,1579500387637,read,mach2_zfs_raidz1,1M,64G,12,180,275844694016,1531832258,124662.685521,121.696695,0,0,0,0
raidz1,1579593717126,read,mach2_zfs_raidz1,1M,64G,16,180,266678042624,1480467230,90413.085244,88.254682,0,0,0,0
raidz1,1579466908918,read,mach2_zfs_raidz1,1M,64G,1,180,93945069568,521914153,509292.058496,497.300836,0,0,0,0
raidz1,1579602785847,read,mach2_zfs_raidz1,1M,64G,24,180,267592400896,1485873257,60520.439104,59.060016,0,0,0,0
raidz1,1579611389880,read,mach2_zfs_raidz1,1M,64G,28,180,289071431680,1605007227,55972.438819,54.631907,0,0,0,0
raidz1,1579475043696,read,mach2_zfs_raidz1,1M,64G,2,180,193274576896,1073741684,523730.888889,511.419444,0,0,0,0
raidz1,1579483178600,read,mach2_zfs_raidz1,1M,64G,4,180,254758879232,1415138421,345683.587744,337.541783,0,0,0,0
raidz1,1579491784151,read,mach2_zfs_raidz1,1M,64G,8,180,271619981312,1508656257,183956.311281,179.591574,0,0,0,0
raidz1,1579500568435,read,mach2_zfs_raidz1,2M,64G,12,180,273128882176,1516952875,123405.866511,60.177986,0,0,0,0
raidz1,1579593897965,read,mach2_zfs_raidz1,2M,64G,16,180,263987396608,1466311531,89484.474678,43.65555,0,0,0,0
raidz1,1579467089695,read,mach2_zfs_raidz1,2M,64G,1,180,94472503296,524774355,512279.044568,250.016713,0,0,0,0
raidz1,1579602966762,read,mach2_zfs_raidz1,2M,64G,24,180,267053432832,1482444227,60419.740473,29.455538,0,0,0,0
raidz1,1579611570760,read,mach2_zfs_raidz1,2M,64G,28,180,290581381120,1613534239,56299.944444,27.447802,0,0,0,0
raidz1,1579475224481,read,mach2_zfs_raidz1,2M,64G,2,180,189546889216,1052851099,514675.603905,251.203626,0,0,0,0
raidz1,1579483359366,read,mach2_zfs_raidz1,2M,64G,4,180,254030118912,1411184359,343959.172006,167.862117,0,0,0,0
raidz1,1579491964913,read,mach2_zfs_raidz1,2M,64G,8,180,269771341824,1498405022,182730.947203,89.149301,0,0,0,0
raidz1,1579499664419,read,mach2_zfs_raidz1,32k,64G,12,180,275661422592,1531018559,124585.760074,3893.267717,0,0,0,0
raidz1,1579592993681,read,mach2_zfs_raidz1,32k,64G,16,180,264854044672,1470961898,89808.053162,2806.472898,0,0,0,0
raidz1,1579466185984,read,mach2_zfs_raidz1,32k,64G,1,180,87437508608,485761238,474031.986072,14813.295265,0,0,0,0
raidz1,1579602062470,read,mach2_zfs_raidz1,32k,64G,24,180,271374221312,1506513047,61338.653815,1916.807919,0,0,0,0
raidz1,1579610666443,read,mach2_zfs_raidz1,32k,64G,28,180,288114212864,1599648066,55802.643219,1743.807719,0,0,0,0
raidz1,1579474320834,read,mach2_zfs_raidz1,32k,64G,2,180,173178159104,962052781,469592.196106,14674.606398,0,0,0,0
raidz1,1579482455657,read,mach2_zfs_raidz1,32k,64G,4,180,247892180992,1377010482,336148.407922,10504.585823,0,0,0,0
raidz1,1579491060997,read,mach2_zfs_raidz1,32k,64G,8,180,271099297792,1505672237,183793.969434,5743.515457,0,0,0,0
raidz1,1579499122083,read,mach2_zfs_raidz1,4k,64G,12,180,279905918976,1554670126,126514.355123,31628.559342,0,0,0,0
raidz1,1579592451250,read,mach2_zfs_raidz1,4k,64G,16,180,285430480896,1585134871,96775.490179,24193.853989,0,0,0,0
raidz1,1579465643846,read,mach2_zfs_raidz1,4k,64G,1,180,75804545024,421134021,411492.746518,102873.119777,0,0,0,0
raidz1,1579601519844,read,mach2_zfs_raidz1,4k,64G,24,180,290255331328,1611974382,65599.856514,16399.940475,0,0,0,0
raidz1,1579610123822,read,mach2_zfs_raidz1,4k,64G,28,180,302137495552,1677870493,58543.271464,14635.797519,0,0,0,0
raidz1,1579473778632,read,mach2_zfs_raidz1,4k,64G,2,180,143070810112,794833418,387933.383008,96983.270195,0,0,0,0
raidz1,1579481913474,read,mach2_zfs_raidz1,4k,64G,4,180,246070132736,1366570401,333823.874131,83455.933936,0,0,0,0
raidz1,1579490518711,read,mach2_zfs_raidz1,4k,64G,8,180,268831543296,1493193344,182272.069193,45567.985049,0,0,0,0
raidz1,1579500206801,read,mach2_zfs_raidz1,512k,64G,12,180,275330367488,1529044008,124419.912024,242.972609,0,0,0,0
raidz1,1579593536229,read,mach2_zfs_raidz1,512k,64G,16,180,267465523200,1485176984,90713.178727,177.138099,0,0,0,0
raidz1,1579466728186,read,mach2_zfs_raidz1,512k,64G,1,180,92715614208,515069576,502445.983333,981.263889,0,0,0,0
raidz1,1579602604976,read,mach2_zfs_raidz1,512k,64G,24,180,266848436224,1481964391,60364.242396,117.857942,0,0,0,0
raidz1,1579611208992,read,mach2_zfs_raidz1,512k,64G,28,180,286366629888,1590324932,55472.200899,108.305442,0,0,0,0
raidz1,1579474862984,read,mach2_zfs_raidz1,512k,64G,2,180,185472647168,1030317735,502550.409722,981.465278,0,0,0,0
raidz1,1579482997866,read,mach2_zfs_raidz1,512k,64G,4,180,249042042880,1383405507,337296.134214,658.696801,0,0,0,0
raidz1,1579491603374,read,mach2_zfs_raidz1,512k,64G,8,180,270084866048,1499796569,183272.9039,357.927577,0,0,0,0
raidz1,1579499845206,read,mach2_zfs_raidz1,64k,64G,12,180,273582784512,1519431646,123625.939801,1931.620282,0,0,0,0
raidz1,1579593174560,read,mach2_zfs_raidz1,64k,64G,16,180,266816061440,1481225220,90446.931562,1413.196456,0,0,0,0
raidz1,1579466366705,read,mach2_zfs_raidz1,64k,64G,1,180,90933428224,505182905,492991.114206,7702.835655,0,0,0,0
raidz1,1579602243288,read,mach2_zfs_raidz1,64k,64G,24,180,270291566592,1501111104,61107.220394,954.778331,0,0,0,0
raidz1,1579610847298,read,mach2_zfs_raidz1,64k,64G,28,180,287114788864,1594355842,55592.541377,868.610935,0,0,0,0
raidz1,1579474501550,read,mach2_zfs_raidz1,64k,64G,2,180,180909899776,1005049415,490618.21727,7665.770195,0,0,0,0
raidz1,1579482636384,read,mach2_zfs_raidz1,64k,64G,4,180,250523811840,1391690712,339670.363194,5307.29375,0,0,0,0
raidz1,1579491241783,read,mach2_zfs_raidz1,64k,64G,8,180,268333875200,1490420826,181860.64524,2841.511814,0,0,0,0
raidz1,1579499302850,read,mach2_zfs_raidz1,8k,64G,12,180,277728100352,1542745333,125537.938889,15692.209491,0,0,0,0
raidz1,1579592632069,read,mach2_zfs_raidz1,8k,64G,16,180,268254388224,1489557378,90939.649409,11367.433287,0,0,0,0
raidz1,1579465824540,read,mach2_zfs_raidz1,8k,64G,1,180,78439129088,435770518,425339.961111,53167.4,0,0,0,0
raidz1,1579601700731,read,mach2_zfs_raidz1,8k,64G,24,180,278216376320,1544736856,62887.707224,7860.942348,0,0,0,0
raidz1,1579610304655,read,mach2_zfs_raidz1,8k,64G,28,180,289439907840,1607445812,56073.910291,7009.221693,0,0,0,0
raidz1,1579473959390,read,mach2_zfs_raidz1,8k,64G,2,180,151693238272,842707440,411525.464534,51440.602225,0,0,0,0
raidz1,1579482094204,read,mach2_zfs_raidz1,8k,64G,4,180,243867377664,1354668246,330681.394024,41335.102154,0,0,0,0
raidz1,1579490699466,read,mach2_zfs_raidz1,8k,64G,8,180,271067226112,1505711542,183780.746352,22972.542043,0,0,0,0
raidz1,1579497939375,write,mach2_zfs_raidz1,128k,64G,12,180,0,0,0,0,296498233344,1647203256,133841.565863,1045.608302
raidz1,1579589897257,write,mach2_zfs_raidz1,128k,64G,16,180,0,0,0,0,315784560640,1754319685,106996.159541,835.874001
raidz1,1579464920522,write,mach2_zfs_raidz1,128k,64G,1,180,0,0,0,0,298112122880,1656169259,1617096.699164,12633.554318
raidz1,1579599873425,write,mach2_zfs_raidz1,128k,64G,24,180,0,0,0,0,300917063680,1671733602,67991.036551,531.144233
raidz1,1579608941627,write,mach2_zfs_raidz1,128k,64G,28,180,0,0,0,0,302650490880,1681372934,58605.016902,457.824518
raidz1,1579473055091,write,mach2_zfs_raidz1,128k,64G,2,180,0,0,0,0,282329219072,1568486947,765060.119777,5977.005571
raidz1,1579481189811,write,mach2_zfs_raidz1,128k,64G,4,180,0,0,0,0,282935820288,1571856935,383935.819889,2999.47427
raidz1,1579489332599,write,mach2_zfs_raidz1,128k,64G,8,180,0,0,0,0,285812981760,1587841077,193470.676532,1511.461351
raidz1,1579497392487,write,mach2_zfs_raidz1,16k,64G,12,180,0,0,0,0,248296521728,1379279530,112080.988181,7005.048204
raidz1,1579589348207,write,mach2_zfs_raidz1,16k,64G,16,180,0,0,0,0,309111898112,1717278782,104672.172528,6541.988336
raidz1,1579464378336,write,mach2_zfs_raidz1,16k,64G,1,180,0,0,0,0,39182024704,217676705,212733.334262,13295.735376
raidz1,1579599326360,write,mach2_zfs_raidz1,16k,64G,24,180,0,0,0,0,241263476736,1340181403,54529.930683,3408.100151
raidz1,1579608395714,write,mach2_zfs_raidz1,16k,64G,28,180,0,0,0,0,212880883712,1182402251,41201.298987,2575.058567
raidz1,1579472512927,write,mach2_zfs_raidz1,16k,64G,2,180,0,0,0,0,53904048128,299460279,146174.447222,9135.831944
raidz1,1579480647534,write,mach2_zfs_raidz1,16k,64G,4,180,0,0,0,0,76468256768,424762294,103693.203472,6480.776389
raidz1,1579488785525,write,mach2_zfs_raidz1,16k,64G,8,180,0,0,0,0,268303056896,1489703544,181482.197149,11342.625522
raidz1,1579498302243,write,mach2_zfs_raidz1,1M,64G,12,180,0,0,0,0,317366206464,1762930122,142766.628618,139.368835
raidz1,1579590263427,write,mach2_zfs_raidz1,1M,64G,16,180,0,0,0,0,321157857280,1784160758,108098.612185,105.524456
raidz1,1579465282139,write,mach2_zfs_raidz1,1M,64G,1,180,0,0,0,0,285153951744,1584179819,1546190.183333,1509.927778
raidz1,1579600236938,write,mach2_zfs_raidz1,1M,64G,24,180,0,0,0,0,310079651840,1721278147,69963.874489,68.27122
raidz1,1579609304524,write,mach2_zfs_raidz1,1M,64G,28,180,0,0,0,0,312986304512,1738513392,60627.853813,59.149101
raidz1,1579473416856,write,mach2_zfs_raidz1,1M,64G,2,180,0,0,0,0,285390929920,1585487549,774417.74548,756.239221
raidz1,1579481551611,write,mach2_zfs_raidz1,1M,64G,4,180,0,0,0,0,298834722816,1660165235,404191.340988,394.68128
raidz1,1579489696384,write,mach2_zfs_raidz1,1M,64G,8,180,0,0,0,0,310685728768,1725993471,209821.622957,204.864348
raidz1,1579498483738,write,mach2_zfs_raidz1,2M,64G,12,180,0,0,0,0,320002326528,1777672191,144816.755384,70.670646
raidz1,1579590446793,write,mach2_zfs_raidz1,2M,64G,16,180,0,0,0,0,316456042496,1757825451,108977.592957,53.159278
raidz1,1579465463080,write,mach2_zfs_raidz1,2M,64G,1,180,0,0,0,0,289492959232,1608285283,1568889.111111,766.019444
raidz1,1579600419290,write,mach2_zfs_raidz1,2M,64G,24,180,0,0,0,0,313700384768,1742595974,71574.596198,34.900992
raidz1,1579609485967,write,mach2_zfs_raidz1,2M,64G,28,180,0,0,0,0,312712626176,1737041461,60582.292631,29.523392
raidz1,1579473597844,write,mach2_zfs_raidz1,2M,64G,2,180,0,0,0,0,284128444416,1578482588,771351.240947,376.614206
raidz1,1579481732616,write,mach2_zfs_raidz1,2M,64G,4,180,0,0,0,0,295012663296,1638895505,399190.61057,194.879694
raidz1,1579489878569,write,mach2_zfs_raidz1,2M,64G,8,180,0,0,0,0,311714381824,1731573408,209974.236092,102.477399
raidz1,1579497574804,write,mach2_zfs_raidz1,32k,64G,12,180,0,0,0,0,246728032256,1369843722,111679.311369,3489.951972
raidz1,1579589530879,write,mach2_zfs_raidz1,32k,64G,16,180,0,0,0,0,311374381056,1729838452,105496.925913,3296.755478
raidz1,1579464559092,write,mach2_zfs_raidz1,32k,64G,1,180,0,0,0,0,55673520128,309276715,301925.086111,9435.047222
raidz1,1579599508923,write,mach2_zfs_raidz1,32k,64G,24,180,0,0,0,0,256140935168,1422926143,57911.922284,1809.726083
raidz1,1579608577855,write,mach2_zfs_raidz1,32k,64G,28,180,0,0,0,0,178316247040,989980330,34561.016688,1080.008145
raidz1,1579472693624,write,mach2_zfs_raidz1,32k,64G,2,180,0,0,0,0,75134730240,417412849,203775.836111,6367.955556
raidz1,1579480828324,write,mach2_zfs_raidz1,32k,64G,4,180,0,0,0,0,53437923328,296847667,72442.217361,2263.772917
raidz1,1579488968006,write,mach2_zfs_raidz1,32k,64G,8,180,0,0,0,0,272658333696,1513927449,185065.456885,5783.280598
raidz1,1579497027745,write,mach2_zfs_raidz1,4k,64G,12,180,0,0,0,0,224920367104,1249460414,101621.563645,25405.376304
raidz1,1579588982120,write,mach2_zfs_raidz1,4k,64G,16,180,0,0,0,0,315620511744,1753427804,106961.733507,26740.413229
raidz1,1579464016823,write,mach2_zfs_raidz1,4k,64G,1,180,0,0,0,0,73432698880,407914114,398211.344444,99552.761111
raidz1,1579598961617,write,mach2_zfs_raidz1,4k,64G,24,180,0,0,0,0,219498250240,1218338219,49612.92338,12403.217593
raidz1,1579608031006,write,mach2_zfs_raidz1,4k,64G,28,180,0,0,0,0,197103255552,1093978806,38107.722211,9526.926062
raidz1,1579472151442,write,mach2_zfs_raidz1,4k,64G,2,180,0,0,0,0,78063083520,433599486,211695.093056,52923.7125
raidz1,1579480286085,write,mach2_zfs_raidz1,4k,64G,4,180,0,0,0,0,145775403008,809813861,197812.505212,49453.0959
raidz1,1579488421255,write,mach2_zfs_raidz1,4k,64G,8,180,0,0,0,0,250939424768,1393891087,169951.045549,42487.74548
raidz1,1579498120737,write,mach2_zfs_raidz1,512k,64G,12,180,0,0,0,0,313546768384,1741907136,141367.685893,276.080843
raidz1,1579590080394,write,mach2_zfs_raidz1,512k,64G,16,180,0,0,0,0,322493218816,1791559321,108990.073128,212.832378
raidz1,1579465101316,write,mach2_zfs_raidz1,512k,64G,1,180,0,0,0,0,294010224640,1633381062,1594628.922222,3114.494444
raidz1,1579600055108,write,mach2_zfs_raidz1,512k,64G,24,180,0,0,0,0,307675267072,1709278551,69158.373133,135.035321
raidz1,1579609123055,write,mach2_zfs_raidz1,512k,64G,28,180,0,0,0,0,307008372736,1704200838,59151.817532,115.481088
raidz1,1579473235918,write,mach2_zfs_raidz1,512k,64G,2,180,0,0,0,0,289425326080,1607909545,785312.168289,1533.789986
raidz1,1579481370674,write,mach2_zfs_raidz1,512k,64G,4,180,0,0,0,0,295160512512,1639771515,399929.226704,781.081363
raidz1,1579489514365,write,mach2_zfs_raidz1,512k,64G,8,180,0,0,0,0,314480001024,1747101410,212736.213913,415.469217
raidz1,1579497757280,write,mach2_zfs_raidz1,64k,64G,12,180,0,0,0,0,245834055680,1364122963,110794.267609,1731.136006
raidz1,1579589713997,write,mach2_zfs_raidz1,64k,64G,16,180,0,0,0,0,315540701184,1752964940,106925.742832,1670.698697
raidz1,1579464739805,write,mach2_zfs_raidz1,64k,64G,1,180,0,0,0,0,19598868480,108880787,106226.394444,1659.638889
raidz1,1579599691336,write,mach2_zfs_raidz1,64k,64G,24,180,0,0,0,0,236447662080,1312562656,53296.427595,832.724282
raidz1,1579608759634,write,mach2_zfs_raidz1,64k,64G,28,180,0,0,0,0,212137410560,1177056770,41160.067775,643.091561
raidz1,1579472874374,write,mach2_zfs_raidz1,64k,64G,2,180,0,0,0,0,33160298496,184207506,89848.119611,1403.827538
raidz1,1579481009064,write,mach2_zfs_raidz1,64k,64G,4,180,0,0,0,0,85683208192,475978158,116159.612926,1814.972898
raidz1,1579489150389,write,mach2_zfs_raidz1,64k,64G,8,180,0,0,0,0,268261392384,1489761717,181412.447149,2834.548331
raidz1,1579497210474,write,mach2_zfs_raidz1,8k,64G,12,180,0,0,0,0,232513306624,1291403392,105095.677561,13136.951321
raidz1,1579589165341,write,mach2_zfs_raidz1,8k,64G,16,180,0,0,0,0,302950465536,1683039441,102599.537591,12824.924991
raidz1,1579464197547,write,mach2_zfs_raidz1,8k,64G,1,180,0,0,0,0,22674153472,125959821,122983.788889,15372.916667
raidz1,1579599144116,write,mach2_zfs_raidz1,8k,64G,24,180,0,0,0,0,233548865536,1295543185,52608.223265,6576.013556
raidz1,1579608213271,write,mach2_zfs_raidz1,8k,64G,28,180,0,0,0,0,199994015744,1110288326,38706.222299,4838.25278
raidz1,1579472332214,write,mach2_zfs_raidz1,8k,64G,2,180,0,0,0,0,30956077056,171970562,83943.298611,10492.836111
raidz1,1579480466801,write,mach2_zfs_raidz1,8k,64G,4,180,0,0,0,0,43687378944,242691481,59224.629167,7402.9875
raidz1,1579488603393,write,mach2_zfs_raidz1,8k,64G,8,180,0,0,0,0,241909407744,1343470939,163606.331015,20450.774687
raidz2,1579544944934,randread,mach2_zfs_raidz2,128k,64G,12,180,108122603520,600624405,48787.748843,381.113657,0,0,0,0
raidz2,1579511442813,randread,mach2_zfs_raidz2,128k,64G,1,180,324050616320,1800271200,1756434.395543,13721.972145,0,0,0,0
raidz2,1579519577624,randread,mach2_zfs_raidz2,128k,64G,2,180,56338546688,312969322,152784.930459,1193.421419,0,0,0,0
raidz2,1579527713040,randread,mach2_zfs_raidz2,128k,64G,4,180,69295276032,384950230,93864.547222,733.266667,0,0,0,0
raidz2,1579536328651,randread,mach2_zfs_raidz2,128k,64G,8,180,93243703296,517891101,63114.971181,492.966667,0,0,0,0
raidz2,1579544402655,randread,mach2_zfs_raidz2,16k,64G,12,180,10589487104,58824601,4776.026395,298.46307,0,0,0,0
raidz2,1579510900707,randread,mach2_zfs_raidz2,16k,64G,1,180,59420393472,330111463,321874.306407,20116.949861,0,0,0,0
raidz2,1579519035389,randread,mach2_zfs_raidz2,16k,64G,2,180,6150242304,34166114,16659.936111,1041.075,0,0,0,0
raidz2,1579527170838,randread,mach2_zfs_raidz2,16k,64G,4,180,7076184064,39309949,9580.002083,598.518056,0,0,0,0
raidz2,1579535786374,randread,mach2_zfs_raidz2,16k,64G,8,180,9594503168,53287993,6492.360764,405.559375,0,0,0,0
raidz2,1579545306546,randread,mach2_zfs_raidz2,1M,64G,12,180,65728937984,365020841,29628.964032,28.863938,0,0,0,0
raidz2,1579511804249,randread,mach2_zfs_raidz2,1M,64G,1,180,364630769664,2025715244,1975939.545961,1929.571031,0,0,0,0
raidz2,1579519939165,randread,mach2_zfs_raidz2,1M,64G,2,180,56663998464,314768514,153526.729428,149.730823,0,0,0,0
raidz2,1579528074560,randread,mach2_zfs_raidz2,1M,64G,4,180,57779683328,320967927,78099.621244,76.109015,0,0,0,0
raidz2,1579536690167,randread,mach2_zfs_raidz2,1M,64G,8,180,56971231232,316431248,38583.639095,37.588547,0,0,0,0
raidz2,1579545487349,randread,mach2_zfs_raidz2,2M,64G,12,180,77504446464,430434388,34861.97068,16.942562,0,0,0,0
raidz2,1579511984963,randread,mach2_zfs_raidz2,2M,64G,1,180,398765064192,2215349160,2161050.275766,1054.994429,0,0,0,0
raidz2,1579520119924,randread,mach2_zfs_raidz2,2M,64G,2,180,71957479424,399719361,194724.143855,94.837989,0,0,0,0
raidz2,1579528255305,randread,mach2_zfs_raidz2,2M,64G,4,180,57216598016,317838205,77462.363958,37.636042,0,0,0,0
raidz2,1579536870989,randread,mach2_zfs_raidz2,2M,64G,8,180,70369935360,390865912,47550.703677,23.008568,0,0,0,0
raidz2,1579544583420,randread,mach2_zfs_raidz2,32k,64G,12,180,22982950912,127661783,10371.538444,324.082446,0,0,0,0
raidz2,1579511081428,randread,mach2_zfs_raidz2,32k,64G,1,180,138564042752,769795960,751360.902507,23479.866295,0,0,0,0
raidz2,1579519216141,randread,mach2_zfs_raidz2,32k,64G,2,180,14694055936,81624121,39818.916667,1244.244444,0,0,0,0
raidz2,1579527351589,randread,mach2_zfs_raidz2,32k,64G,4,180,15528493056,86265092,21031.451389,657.148611,0,0,0,0
raidz2,1579535967122,randread,mach2_zfs_raidz2,32k,64G,8,180,20299579392,112769176,13751.807786,429.609315,0,0,0,0
raidz2,1579544041139,randread,mach2_zfs_raidz2,4k,64G,12,180,1519878144,8442501,688.448637,172.066853,0,0,0,0
raidz2,1579510539282,randread,mach2_zfs_raidz2,4k,64G,1,180,14642782208,81348338,79389.041783,19847.158774,0,0,0,0
raidz2,1579518673926,randread,mach2_zfs_raidz2,4k,64G,2,180,629198848,3495471,1709.640167,427.330544,0,0,0,0
raidz2,1579526809370,randread,mach2_zfs_raidz2,4k,64G,4,180,783826944,4354037,1064.674338,266.066248,0,0,0,0
raidz2,1579535424839,randread,mach2_zfs_raidz2,4k,64G,8,180,1203531776,6685619,815.77398,203.817231,0,0,0,0
raidz2,1579545125726,randread,mach2_zfs_raidz2,512k,64G,12,180,48964304896,271963479,22051.897983,42.93621,0,0,0,0
raidz2,1579511623538,randread,mach2_zfs_raidz2,512k,64G,1,180,358274301952,1990401730,1941705.749304,3792.21727,0,0,0,0
raidz2,1579519758340,randread,mach2_zfs_raidz2,512k,64G,2,180,38184943616,212129147,103455.970752,201.901114,0,0,0,0
raidz2,1579527893786,randread,mach2_zfs_raidz2,512k,64G,4,180,44614287360,247840629,60290.016713,117.550836,0,0,0,0
raidz2,1579536509394,randread,mach2_zfs_raidz2,512k,64G,8,180,44793593856,248811830,30185.786587,58.880894,0,0,0,0
raidz2,1579544764173,randread,mach2_zfs_raidz2,64k,64G,12,180,52059635712,289181640,23489.166898,366.959259,0,0,0,0
raidz2,1579511262114,randread,mach2_zfs_raidz2,64k,64G,1,180,220216098816,1223415974,1194202.454039,18659.342618,0,0,0,0
raidz2,1579519396881,randread,mach2_zfs_raidz2,64k,64G,2,180,33193459712,184399913,89954.183333,1405.420833,0,0,0,0
raidz2,1579527532314,randread,mach2_zfs_raidz2,64k,64G,4,180,34258944000,190310550,46405.85625,725.026389,0,0,0,0
raidz2,1579536147872,randread,mach2_zfs_raidz2,64k,64G,8,180,45810122752,254473820,31006.976728,484.182702,0,0,0,0
raidz2,1579544221900,randread,mach2_zfs_raidz2,8k,64G,12,180,4298711040,23878146,1937.354167,242.080787,0,0,0,0
raidz2,1579510719998,randread,mach2_zfs_raidz2,8k,64G,1,180,31176089600,173199535,169040.05571,21129.89415,0,0,0,0
raidz2,1579518854661,randread,mach2_zfs_raidz2,8k,64G,2,180,2405974016,13363849,6517.995833,814.626389,0,0,0,0
raidz2,1579526990084,randread,mach2_zfs_raidz2,8k,64G,4,180,2863800320,15909117,3875.370139,484.363194,0,0,0,0
raidz2,1579535605585,randread,mach2_zfs_raidz2,8k,64G,8,180,3910508544,21723357,2645.517014,330.659028,0,0,0,0
raidz2,1579543317395,randrw,mach2_zfs_raidz2,128k,64G,12,180,33969537024,188703924,15314.018754,119.59574,34032320512,189052692,15339.59838,119.794907
raidz2,1579509815751,randrw,mach2_zfs_raidz2,128k,64G,1,180,155685224448,864913108,844025.891365,6593.905292,155600027648,864439795,843582.537604,6590.451253
raidz2,1579517950601,randrw,mach2_zfs_raidz2,128k,64G,2,180,18421907456,102341087,49904.336111,389.680556,18428067840,102375310,49922.383333,389.820833
raidz2,1579526085909,randrw,mach2_zfs_raidz2,128k,64G,4,180,22323527680,124016153,30220.128472,235.989583,22311993344,123952075,30206.625694,235.879861
raidz2,1579534701302,randrw,mach2_zfs_raidz2,128k,64G,8,180,29940252672,166320876,20254.918056,158.159375,29967908864,166474509,20274.571181,158.3125
raidz2,1579542775124,randrw,mach2_zfs_raidz2,16k,64G,12,180,2137915392,11876252,963.632606,60.16117,2145796096,11920029,967.65281,60.412448
raidz2,1579509273340,randrw,mach2_zfs_raidz2,16k,64G,1,180,19731709952,109620001,107057.370474,6691.064067,19717652480,109541905,106979.738162,6686.208914
raidz2,1579517408454,randrw,mach2_zfs_raidz2,16k,64G,2,180,1233190912,6850375,3347.892758,209.125348,1237172224,6872491,3358.104457,209.764624
raidz2,1579525543735,randrw,mach2_zfs_raidz2,16k,64G,4,180,1423785984,7909306,1929.630919,120.412256,1429733376,7942345,1937.875348,120.928969
raidz2,1579534158983,randrw,mach2_zfs_raidz2,16k,64G,8,180,1840775168,10225165,1244.664579,77.675365,1840234496,10222162,1244.703897,77.677453
raidz2,1579543679193,randrw,mach2_zfs_raidz2,1M,64G,12,180,35203842048,195512815,15861.17772,15.43781,35451305984,196887164,15977.67021,15.552091
raidz2,1579510177524,randrw,mach2_zfs_raidz2,1M,64G,1,180,158238507008,879097932,857346.506964,837.24234,158403133440,880012519,858470.462396,838.339833
raidz2,1579518312212,randrw,mach2_zfs_raidz2,1M,64G,2,180,26316111872,146159209,71167.708914,69.387187,26530021376,147347259,71812.128134,70.016713
raidz2,1579526447547,randrw,mach2_zfs_raidz2,1M,64G,4,180,29148315648,161902706,39415.642657,38.393007,29487005696,163783941,39945.96641,38.911127
raidz2,1579535063096,randrw,mach2_zfs_raidz2,1M,64G,8,180,32952549376,182998552,22214.545965,21.643509,33441185792,185712144,22552.861004,21.974026
raidz2,1579543860298,randrw,mach2_zfs_raidz2,2M,64G,12,180,37314625536,207107873,17328.942155,8.388282,37786484736,209726839,17497.415324,8.471113
raidz2,1579510358515,randrw,mach2_zfs_raidz2,2M,64G,1,180,162002894848,900006082,878150.155556,428.766667,161289863168,896044839,874234.019444,426.852778
raidz2,1579518493212,randrw,mach2_zfs_raidz2,2M,64G,2,180,31214010368,173396718,84265.221757,40.973501,31587303424,175470396,85402.268156,41.527933
raidz2,1579526628640,randrw,mach2_zfs_raidz2,2M,64G,4,180,31945916416,177419159,43096.477528,20.941713,32914800640,182800085,44403.907941,21.580464
raidz2,1579535244100,randrw,mach2_zfs_raidz2,2M,64G,8,180,35074867200,194804096,23807.781362,11.562724,35764830208,198636117,24386.663666,11.845157
raidz2,1579542955898,randrw,mach2_zfs_raidz2,32k,64G,12,180,4946460672,27475910,2230.388953,69.645625,4959436800,27547988,2236.245301,69.828034
raidz2,1579509454140,randrw,mach2_zfs_raidz2,32k,64G,1,180,41322184704,229566417,224303.479109,7009.423398,41283878912,229353608,224092.629526,7002.830084
raidz2,1579517589174,randrw,mach2_zfs_raidz2,32k,64G,2,180,2788655104,15492011,7568.969359,236.39415,2785345536,15473626,7561.52507,236.162953
raidz2,1579525724442,randrw,mach2_zfs_raidz2,32k,64G,4,180,3373891584,18742800,4579.275958,142.951916,3387326464,18817434,4597.554007,143.523345
raidz2,1579534339747,randrw,mach2_zfs_raidz2,32k,64G,8,180,4327473152,24039113,2930.819638,91.52124,4328423424,24044392,2931.557799,91.54422
raidz2,1579542413610,randrw,mach2_zfs_raidz2,4k,64G,12,180,272855040,1515676,123.959237,30.940858,275148800,1528417,124.946538,31.187706
raidz2,1579508911769,randrw,mach2_zfs_raidz2,4k,64G,1,180,5247021056,29149955,28447.442897,7111.855153,5242318848,29123831,28423.952646,7105.991643
raidz2,1579517046950,randrw,mach2_zfs_raidz2,4k,64G,2,180,158859264,882497,432.162238,107.832168,159567872,886434,433.986014,108.288112
raidz2,1579525182266,randrw,mach2_zfs_raidz2,4k,64G,4,180,168456192,935805,229.232281,57.194386,169365504,940856,230.613333,57.539649
raidz2,1579533797477,randrw,mach2_zfs_raidz2,4k,64G,8,180,232157184,1289626,157.999648,39.447415,232996864,1294290,158.481013,39.567511
raidz2,1579543498273,randrw,mach2_zfs_raidz2,512k,64G,12,180,30253514752,168004146,13624.487839,26.526894,30545543168,169625842,13769.978723,26.811083
raidz2,1579509996642,randrw,mach2_zfs_raidz2,512k,64G,1,180,159879528448,888214667,867172.225627,1693.635097,159797739520,887760287,866725.373259,1692.754875
raidz2,1579518131362,randrw,mach2_zfs_raidz2,512k,64G,2,180,17756585984,98631809,48036.901252,93.586926,17855676416,99182222,48277.328234,94.057024
raidz2,1579526266708,randrw,mach2_zfs_raidz2,512k,64G,4,180,21015560192,116735601,28412.418118,55.335192,21161312256,117545214,28606.383972,55.714286
raidz2,1579534882155,randrw,mach2_zfs_raidz2,512k,64G,8,180,26941587456,149599024,18239.50035,35.490196,27042775040,150160890,18292.343017,35.59328
raidz2,1579543136643,randrw,mach2_zfs_raidz2,64k,64G,12,180,11248926720,62486747,5076.494429,79.259053,11268194304,62593776,5084.865599,79.389972
raidz2,1579509634969,randrw,mach2_zfs_raidz2,64k,64G,1,180,80021749760,444562806,433842.13649,6778.75766,79963488256,444239133,433527.933148,6773.849582
raidz2,1579517769883,randrw,mach2_zfs_raidz2,64k,64G,2,180,6065225728,33692703,16470.699164,257.239554,6064832512,33690519,16465.337047,257.157382
raidz2,1579525905173,randrw,mach2_zfs_raidz2,64k,64G,4,180,7438532608,41321508,10083.2373,157.452331,7482834944,41567610,10144.534447,158.409882
raidz2,1579534520524,randrw,mach2_zfs_raidz2,64k,64G,8,180,9877192704,54866586,6690.547511,104.428472,9896591360,54974344,6703.196659,104.626175
raidz2,1579542594373,randrw,mach2_zfs_raidz2,8k,64G,12,180,769597440,4274971,347.162395,43.298229,773636096,4297405,349.044724,43.533427
raidz2,1579509092563,randrw,mach2_zfs_raidz2,8k,64G,1,180,9895387136,54974067,53670.67688,6708.827298,9888555008,54936111,53632.618384,6704.064067
raidz2,1579517227708,randrw,mach2_zfs_raidz2,8k,64G,2,180,510402560,2835428,1383.359331,172.721448,513015808,2849945,1390.36351,173.598886
raidz2,1579525362999,randrw,mach2_zfs_raidz2,8k,64G,4,180,540966912,3005221,732.125957,91.457203,544423936,3024426,737.017397,92.069589
raidz2,1579533978226,randrw,mach2_zfs_raidz2,8k,64G,8,180,667443200,3707729,450.874652,56.285864,668000256,3710823,451.354805,56.345752
raidz2,1579546571911,randwrite,mach2_zfs_raidz2,128k,64G,12,180,0,0,0,0,157435691008,874618432,71087.635185,555.343981
raidz2,1579513069769,randwrite,mach2_zfs_raidz2,128k,64G,1,180,0,0,0,0,167454048256,930295099,908783.370474,7099.844011
raidz2,1579521204394,randwrite,mach2_zfs_raidz2,128k,64G,2,180,0,0,0,0,155307343872,862813783,421687.740947,3294.424791
raidz2,1579529339933,randwrite,mach2_zfs_raidz2,128k,64G,4,180,0,0,0,0,189232578560,1051286262,256629.599722,2004.890896
raidz2,1579537955547,randwrite,mach2_zfs_raidz2,128k,64G,8,180,0,0,0,0,177955143680,988628702,120606.626954,942.223341
raidz2,1579546029633,randwrite,mach2_zfs_raidz2,16k,64G,12,180,0,0,0,0,4378230784,24319451,1978.349313,123.604142
raidz2,1579512527336,randwrite,mach2_zfs_raidz2,16k,64G,1,180,0,0,0,0,20903591936,116130421,113359.771588,7084.958217
raidz2,1579520662243,randwrite,mach2_zfs_raidz2,16k,64G,2,180,0,0,0,0,3385982976,18810912,9167.938719,572.909471
raidz2,1579528797622,randwrite,mach2_zfs_raidz2,16k,64G,4,180,0,0,0,0,3621912576,20117154,4899.634028,306.143056
raidz2,1579537413256,randwrite,mach2_zfs_raidz2,16k,64G,8,180,0,0,0,0,4051779584,22507635,2746.247822,171.53503
raidz2,1579546933944,randwrite,mach2_zfs_raidz2,1M,64G,12,180,0,0,0,0,191261310976,1062432985,86236.231898,84.179977
raidz2,1579513431436,randwrite,mach2_zfs_raidz2,1M,64G,1,180,0,0,0,0,160768720896,893154598,871390.711111,850.925
raidz2,1579521566142,randwrite,mach2_zfs_raidz2,1M,64G,2,180,0,0,0,0,139316953088,773974472,377134.516713,368.272981
raidz2,1579529701841,randwrite,mach2_zfs_raidz2,1M,64G,4,180,0,0,0,0,186908672000,1038358436,252973.219054,247.008345
raidz2,1579538317407,randwrite,mach2_zfs_raidz2,1M,64G,8,180,0,0,0,0,192990412800,1072002204,130334.888696,127.243478
raidz2,1579547115138,randwrite,mach2_zfs_raidz2,2M,64G,12,180,0,0,0,0,188276015104,1045664162,84507.101287,41.206082
raidz2,1579513612352,randwrite,mach2_zfs_raidz2,2M,64G,1,180,0,0,0,0,163454124032,908068377,885262.083333,432.236111
raidz2,1579521747208,randwrite,mach2_zfs_raidz2,2M,64G,2,180,0,0,0,0,144835608576,804633329,391401.905556,191.0875
raidz2,1579529882852,randwrite,mach2_zfs_raidz2,2M,64G,4,180,0,0,0,0,185119801344,1028420487,249608.015983,121.838082
raidz2,1579538498503,randwrite,mach2_zfs_raidz2,2M,64G,8,180,0,0,0,0,190092148736,1055797678,128183.366748,62.52672
raidz2,1579546210407,randwrite,mach2_zfs_raidz2,32k,64G,12,180,0,0,0,0,9504063488,52794779,4289.125291,133.976755
raidz2,1579512708176,randwrite,mach2_zfs_raidz2,32k,64G,1,180,0,0,0,0,41664184320,231466404,226261.044568,7070.618384
raidz2,1579520842955,randwrite,mach2_zfs_raidz2,32k,64G,2,180,0,0,0,0,11229790208,62384950,30432.8125,950.936111
raidz2,1579528978415,randwrite,mach2_zfs_raidz2,32k,64G,4,180,0,0,0,0,4016766976,22309670,5450.720865,170.271458
raidz2,1579537594016,randwrite,mach2_zfs_raidz2,32k,64G,8,180,0,0,0,0,7715323904,42858624,5247.351871,163.950682
raidz2,1579545668108,randwrite,mach2_zfs_raidz2,4k,64G,12,180,0,0,0,0,914350080,5079186,410.441074,102.549896
raidz2,1579512165699,randwrite,mach2_zfs_raidz2,4k,64G,1,180,0,0,0,0,5201981440,28899736,28202.038997,7050.495822
raidz2,1579520300707,randwrite,mach2_zfs_raidz2,4k,64G,2,180,0,0,0,0,820002816,4554837,2220.595833,555.068056
raidz2,1579528436125,randwrite,mach2_zfs_raidz2,4k,64G,4,180,0,0,0,0,705294336,3916909,953.442361,238.2625
raidz2,1579537051768,randwrite,mach2_zfs_raidz2,4k,64G,8,180,0,0,0,0,799277056,4439836,539.040972,134.676736
raidz2,1579546752907,randwrite,mach2_zfs_raidz2,512k,64G,12,180,0,0,0,0,184068603904,1022149066,82773.221114,161.631323
raidz2,1579513250581,randwrite,mach2_zfs_raidz2,512k,64G,1,180,0,0,0,0,164844535808,915797888,893564.114206,1745.214485
raidz2,1579521385227,randwrite,mach2_zfs_raidz2,512k,64G,2,180,0,0,0,0,143594618880,797739018,389108.920833,759.952778
raidz2,1579529520941,randwrite,mach2_zfs_raidz2,512k,64G,4,180,0,0,0,0,190879629312,1060412929,258582.104239,505.014593
raidz2,1579538136482,randwrite,mach2_zfs_raidz2,512k,64G,8,180,0,0,0,0,190751178752,1059699334,128995.841391,251.918609
raidz2,1579546391146,randwrite,mach2_zfs_raidz2,64k,64G,12,180,0,0,0,0,20580204544,114320497,9288.935889,145.102904
raidz2,1579512888982,randwrite,mach2_zfs_raidz2,64k,64G,1,180,0,0,0,0,85833285632,476848937,465386.083565,7271.626741
raidz2,1579521023665,randwrite,mach2_zfs_raidz2,64k,64G,2,180,0,0,0,0,2964193280,16466825,8038.816783,125.495105
raidz2,1579529159169,randwrite,mach2_zfs_raidz2,64k,64G,4,180,0,0,0,0,17407934464,96701076,23559.747222,368.009028
raidz2,1579537774789,randwrite,mach2_zfs_raidz2,64k,64G,8,180,0,0,0,0,19996147712,111060710,13554.157436,211.737025
raidz2,1579545848866,randwrite,mach2_zfs_raidz2,8k,64G,12,180,0,0,0,0,1821966336,10121360,821.848069,102.66752
raidz2,1579512346537,randwrite,mach2_zfs_raidz2,8k,64G,1,180,0,0,0,0,10107101184,56150250,54828.013889,6853.463889
raidz2,1579520481535,randwrite,mach2_zfs_raidz2,8k,64G,2,180,0,0,0,0,463052800,2572386,1253.303621,156.533426
raidz2,1579528616870,randwrite,mach2_zfs_raidz2,8k,64G,4,180,0,0,0,0,654278656,3634578,884.529617,110.484321
raidz2,1579537232503,randwrite,mach2_zfs_raidz2,8k,64G,8,180,0,0,0,0,1483784192,8242375,1007.262771,125.875437
raidz2,1579541690321,read,mach2_zfs_raidz2,128k,64G,12,180,146965004288,816272712,66451.14607,519.122189,0,0,0,0
raidz2,1579508188887,read,mach2_zfs_raidz2,128k,64G,1,180,345690865664,1920494139,1873931.467967,14639.935933,0,0,0,0
raidz2,1579516323983,read,mach2_zfs_raidz2,128k,64G,2,180,133335744512,740712985,361347.369444,2822.834722,0,0,0,0
raidz2,1579524459251,read,mach2_zfs_raidz2,128k,64G,4,180,188057649152,1044753109,254959.576095,1991.744962,0,0,0,0
raidz2,1579533074222,read,mach2_zfs_raidz2,128k,64G,8,180,127069454336,705690500,86122.161571,672.769979,0,0,0,0
raidz2,1579541147921,read,mach2_zfs_raidz2,16k,64G,12,180,136316747776,757155421,61609.549792,3850.549792,0,0,0,0
raidz2,1579507646740,read,mach2_zfs_raidz2,16k,64G,1,180,292810407936,1626715451,1587898.949861,99243.559889,0,0,0,0
raidz2,1579515781798,read,mach2_zfs_raidz2,16k,64G,2,180,70097076224,389400077,190018.95,11876.045833,0,0,0,0
raidz2,1579523917024,read,mach2_zfs_raidz2,16k,64G,4,180,108221497344,601207160,146720.879167,9169.965972,0,0,0,0
raidz2,1579532531797,read,mach2_zfs_raidz2,16k,64G,8,180,128294060032,712400451,86978.901042,5436.138542,0,0,0,0
raidz2,1579542051989,read,mach2_zfs_raidz2,1M,64G,12,180,139276058624,773309080,63203.868328,61.600752,0,0,0,0
raidz2,1579508550318,read,mach2_zfs_raidz2,1M,64G,1,180,372524449792,2069568779,2019006.504178,1971.557103,0,0,0,0
raidz2,1579516685456,read,mach2_zfs_raidz2,1M,64G,2,180,134294274048,746012988,363329.341667,354.625,0,0,0,0
raidz2,1579524820796,read,mach2_zfs_raidz2,1M,64G,4,180,187662598144,1042309412,254382.220056,248.252786,0,0,0,0
raidz2,1579533435869,read,mach2_zfs_raidz2,1M,64G,8,180,123385937920,685150083,84123.112716,82.029588,0,0,0,0
raidz2,1579542232856,read,mach2_zfs_raidz2,2M,64G,12,180,128825950208,715357941,58725.893918,28.515565,0,0,0,0
raidz2,1579508731049,read,mach2_zfs_raidz2,2M,64G,1,180,374599581696,2081097225,2029209.743733,990.679666,0,0,0,0
raidz2,1579516866217,read,mach2_zfs_raidz2,2M,64G,2,180,70571261952,391999410,191446.352941,93.19888,0,0,0,0
raidz2,1579525001536,read,mach2_zfs_raidz2,2M,64G,4,180,100768153600,559760879,136710.290232,66.598032,0,0,0,0
raidz2,1579533616742,read,mach2_zfs_raidz2,2M,64G,8,180,136686075904,758835903,93188.190493,45.363604,0,0,0,0
raidz2,1579541328737,read,mach2_zfs_raidz2,32k,64G,12,180,153863585792,854451171,69526.684722,2172.659028,0,0,0,0
raidz2,1579507827468,read,mach2_zfs_raidz2,32k,64G,1,180,361741418496,2009674547,1960729.086351,61272.590529,0,0,0,0
raidz2,1579515962531,read,mach2_zfs_raidz2,32k,64G,2,180,119998447616,666646931,325259.569444,10164.165278,0,0,0,0
raidz2,1579524097763,read,mach2_zfs_raidz2,32k,64G,4,180,125781803008,698733448,170507.35,5328.249306,0,0,0,0
raidz2,1579532712637,read,mach2_zfs_raidz2,32k,64G,8,180,137017819136,760812792,92900.439194,2903.060806,0,0,0,0
raidz2,1579540786387,read,mach2_zfs_raidz2,4k,64G,12,180,150798712832,837570540,68178.914292,17044.681723,0,0,0,0
raidz2,1579507285301,read,mach2_zfs_raidz2,4k,64G,1,180,154636259328,859085556,838261.181058,209565.169916,0,0,0,0
raidz2,1579515420315,read,mach2_zfs_raidz2,4k,64G,2,180,81674379264,453701181,221440.176389,55359.9625,0,0,0,0
raidz2,1579523555555,read,mach2_zfs_raidz2,4k,64G,4,180,100519526400,558358059,136268.542361,34067.038194,0,0,0,0
raidz2,1579532170202,read,mach2_zfs_raidz2,4k,64G,8,180,144848183296,804654015,98235.730529,24558.900209,0,0,0,0
raidz2,1579541871149,read,mach2_zfs_raidz2,512k,64G,12,180,123822669824,687559941,56044.837611,109.361176,0,0,0,0
raidz2,1579508369602,read,mach2_zfs_raidz2,512k,64G,1,180,370224398336,2056790786,2006603.735376,3919.005571,0,0,0,0
raidz2,1579516504721,read,mach2_zfs_raidz2,512k,64G,2,180,70427607040,391234054,191055.165738,373.051532,0,0,0,0
raidz2,1579524640012,read,mach2_zfs_raidz2,512k,64G,4,180,100561584128,558542037,136351.372822,266.230662,0,0,0,0
raidz2,1579533255034,read,mach2_zfs_raidz2,512k,64G,8,180,143006367744,794179797,97387.879202,190.119048,0,0,0,0
raidz2,1579541509547,read,mach2_zfs_raidz2,64k,64G,12,180,123748876288,687272302,55950.227167,874.168289,0,0,0,0
raidz2,1579508008171,read,mach2_zfs_raidz2,64k,64G,1,180,337645731840,1875799200,1830615.331476,28603.231198,0,0,0,0
raidz2,1579516143262,read,mach2_zfs_raidz2,64k,64G,2,180,70402572288,391101500,190813.411683,2981.335188,0,0,0,0
raidz2,1579524278517,read,mach2_zfs_raidz2,64k,64G,4,180,101337530368,562939368,137331.605556,2145.684028,0,0,0,0
raidz2,1579532893401,read,mach2_zfs_raidz2,64k,64G,8,180,151297327104,840395971,102706.474783,1604.703652,0,0,0,0
raidz2,1579540967158,read,mach2_zfs_raidz2,8k,64G,12,180,168466522112,935727580,76186.526413,9523.268072,0,0,0,0
raidz2,1579507466030,read,mach2_zfs_raidz2,8k,64G,1,180,222720483328,1237329144,1207273.203343,150908.986072,0,0,0,0
raidz2,1579515601059,read,mach2_zfs_raidz2,8k,64G,2,180,126585552896,703217910,343184.577778,42897.944444,0,0,0,0
raidz2,1579523736290,read,mach2_zfs_raidz2,8k,64G,4,180,164421517312,913397055,222978.515636,27872.233495,0,0,0,0
raidz2,1579532350976,read,mach2_zfs_raidz2,8k,64G,8,180,155692105728,864759170,106107.533333,13263.386736,0,0,0,0
raidz2,1579539590226,write,mach2_zfs_raidz2,128k,64G,12,180,0,0,0,0,196951670784,1094169870,88888.439703,694.420686
raidz2,1579506561814,write,mach2_zfs_raidz2,128k,64G,1,180,0,0,0,0,169615163392,942301228,920634.662953,7192.437326
raidz2,1579514696860,write,mach2_zfs_raidz2,128k,64G,2,180,0,0,0,0,165082038272,917117339,447967.213092,3499.71727
raidz2,1579522831833,write,mach2_zfs_raidz2,128k,64G,4,180,0,0,0,0,179991216128,999945645,244099.232801,1907.00417
raidz2,1579530973879,write,mach2_zfs_raidz2,128k,64G,8,180,0,0,0,0,174718844928,970654857,118295.899095,924.171538
raidz2,1579539044144,write,mach2_zfs_raidz2,16k,64G,12,180,0,0,0,0,142015561728,788392808,64102.233179,4006.375174
raidz2,1579506019452,write,mach2_zfs_raidz2,16k,64G,1,180,0,0,0,0,165117870080,917316404,895241.064067,55952.56546
raidz2,1579514154673,write,mach2_zfs_raidz2,16k,64G,2,180,0,0,0,0,27646918656,153582047,74968.598611,4685.455556
raidz2,1579522289604,write,mach2_zfs_raidz2,16k,64G,4,180,0,0,0,0,41802203136,232211240,56677.221528,3542.25
raidz2,1579530427666,write,mach2_zfs_raidz2,16k,64G,8,180,0,0,0,0,145524523008,808429150,98633.045881,6164.537713
raidz2,1579539953367,write,mach2_zfs_raidz2,1M,64G,12,180,0,0,0,0,201322397696,1118296233,90312.688426,88.152083
raidz2,1579506923551,write,mach2_zfs_raidz2,1M,64G,1,180,0,0,0,0,170783670272,948792897,925095.094708,903.37883
raidz2,1579515058594,write,mach2_zfs_raidz2,1M,64G,2,180,0,0,0,0,160293715968,890505802,434067.054167,423.879167
raidz2,1579523193640,write,mach2_zfs_raidz2,1M,64G,4,180,0,0,0,0,179244630016,995786903,242224.78984,236.519833
raidz2,1579531336858,write,mach2_zfs_raidz2,1M,64G,8,180,0,0,0,0,184301912064,1023859694,124231.864837,121.281445
raidz2,1579540134787,write,mach2_zfs_raidz2,2M,64G,12,180,0,0,0,0,184866045952,1026976534,84021.261724,40.975604
raidz2,1579507104484,write,mach2_zfs_raidz2,2M,64G,1,180,0,0,0,0,171112923136,950616788,926753.847222,452.477778
raidz2,1579515239565,write,mach2_zfs_raidz2,2M,64G,2,180,0,0,0,0,154742554624,859666531,418021.390821,204.090403
raidz2,1579523374703,write,mach2_zfs_raidz2,2M,64G,4,180,0,0,0,0,177282744320,984876777,239812.07108,117.063415
raidz2,1579531518759,write,mach2_zfs_raidz2,2M,64G,8,180,0,0,0,0,171251335168,951332884,114920.480809,56.063503
raidz2,1579539226300,write,mach2_zfs_raidz2,32k,64G,12,180,0,0,0,0,123134312448,683282350,55700.630248,1740.627001
raidz2,1579506200235,write,mach2_zfs_raidz2,32k,64G,1,180,0,0,0,0,164017602560,911203840,889084.253482,27783.846797
raidz2,1579514335433,write,mach2_zfs_raidz2,32k,64G,2,180,0,0,0,0,39699906560,220509709,107761.937413,3367.524339
raidz2,1579522470342,write,mach2_zfs_raidz2,32k,64G,4,180,0,0,0,0,57809960960,321155744,78381.151389,2449.385417
raidz2,1579530609562,write,mach2_zfs_raidz2,32k,64G,8,180,0,0,0,0,153987874816,854965714,104721.402579,3272.520739
raidz2,1579538680037,write,mach2_zfs_raidz2,4k,64G,12,180,0,0,0,0,135338455040,751154190,61053.42718,15263.350417
raidz2,1579505657943,write,mach2_zfs_raidz2,4k,64G,1,180,0,0,0,0,92519665664,513995287,501703.069638,125425.727019
raidz2,1579513793191,write,mach2_zfs_raidz2,4k,64G,2,180,0,0,0,0,93240434688,517962128,252887.930556,63221.925
raidz2,1579521928067,write,mach2_zfs_raidz2,4k,64G,4,180,0,0,0,0,140297650176,779288520,190273.045833,47568.247222
raidz2,1579530063874,write,mach2_zfs_raidz2,4k,64G,8,180,0,0,0,0,138297630720,768012965,93730.023296,23432.489569
raidz2,1579539771688,write,mach2_zfs_raidz2,512k,64G,12,180,0,0,0,0,187785281536,1043234176,84513.992349,165.023881
raidz2,1579506742676,write,mach2_zfs_raidz2,512k,64G,1,180,0,0,0,0,171207294976,951146354,928570.559889,1813.559889
raidz2,1579514877695,write,mach2_zfs_raidz2,512k,64G,2,180,0,0,0,0,163363946496,907572438,442526.331476,864.268802
raidz2,1579523012705,write,mach2_zfs_raidz2,512k,64G,4,180,0,0,0,0,176626860032,981249430,239063.988873,466.896384
raidz2,1579531155466,write,mach2_zfs_raidz2,512k,64G,8,180,0,0,0,0,182662987776,1014783101,123438.737043,241.063652
raidz2,1579539408518,write,mach2_zfs_raidz2,64k,64G,12,180,0,0,0,0,145944608768,809575525,66294.607925,1035.822844
raidz2,1579506381044,write,mach2_zfs_raidz2,64k,64G,1,180,0,0,0,0,165398446080,918875151,896677.534819,14010.557103
raidz2,1579514516153,write,mach2_zfs_raidz2,64k,64G,2,180,0,0,0,0,51216252928,284507868,138856.183333,2169.527778
raidz2,1579522651085,write,mach2_zfs_raidz2,64k,64G,4,180,0,0,0,0,72115421184,400614521,97754.620833,1527.329861
raidz2,1579530791454,write,mach2_zfs_raidz2,64k,64G,8,180,0,0,0,0,154171080704,856339493,104688.444057,1635.726386
raidz2,1579538862107,write,mach2_zfs_raidz2,8k,64G,12,180,0,0,0,0,123488182272,685946375,55877.510436,6984.608534
raidz2,1579505838691,write,mach2_zfs_raidz2,8k,64G,1,180,0,0,0,0,143689293824,798269419,779354.259053,97419.264624
raidz2,1579513973909,write,mach2_zfs_raidz2,8k,64G,2,180,0,0,0,0,14427897856,80150090,39120.426389,4889.975
raidz2,1579522108864,write,mach2_zfs_raidz2,8k,64G,4,180,0,0,0,0,23300046848,129431042,31600.586518,3950.009729
raidz2,1579530245796,write,mach2_zfs_raidz2,8k,64G,8,180,0,0,0,0,122217553920,678522753,82836.290087,10354.516522
zmirror,1579586560108,randread,mach2_zfs_zmirror,128k,64G,12,180,141229817856,784409638,63797.783133,498.360751,0,0,0,0
zmirror,1579553110360,randread,mach2_zfs_zmirror,128k,64G,1,180,335907258368,1866141067,1821339.771588,14229.125348,0,0,0,0
zmirror,1579561244537,randread,mach2_zfs_zmirror,128k,64G,2,180,87745101824,487459247,238047.191933,1859.571627,0,0,0,0
zmirror,1579569379486,randread,mach2_zfs_zmirror,128k,64G,4,180,91018625024,505622510,123343.770674,963.436414,0,0,0,0
zmirror,1579577970700,randread,mach2_zfs_zmirror,128k,64G,8,180,129855782912,721372924,87952.073958,687.085764,0,0,0,0
zmirror,1579586017826,randread,mach2_zfs_zmirror,16k,64G,12,180,15136456704,84088156,6832.558926,426.999074,0,0,0,0
zmirror,1579552568276,randread,mach2_zfs_zmirror,16k,64G,1,180,71784939520,398803003,389248.584958,24327.871866,0,0,0,0
zmirror,1579560702365,randread,mach2_zfs_zmirror,16k,64G,2,180,10597957632,58874598,28750.171071,1796.720445,0,0,0,0
zmirror,1579568837283,randread,mach2_zfs_zmirror,16k,64G,4,180,8072216576,44839669,10938.485754,683.607366,0,0,0,0
zmirror,1579577428435,randread,mach2_zfs_zmirror,16k,64G,8,180,12781273088,71001550,8654.643056,540.785417,0,0,0,0
zmirror,1579586921670,randread,mach2_zfs_zmirror,1M,64G,12,180,135111114752,750508897,60999.010063,59.413527,0,0,0,0
zmirror,1579553471792,randread,mach2_zfs_zmirror,1M,64G,1,180,374361554944,2079774862,2028869.793872,1981.094708,0,0,0,0
zmirror,1579561606007,randread,mach2_zfs_zmirror,1M,64G,2,180,91010105344,505563948,246665.28273,240.693593,0,0,0,0
zmirror,1579569740968,randread,mach2_zfs_zmirror,1M,64G,4,180,73922510848,410657801,100227.904263,97.596785,0,0,0,0
zmirror,1579578332215,randread,mach2_zfs_zmirror,1M,64G,8,180,110544027648,614085724,74863.356918,72.964273,0,0,0,0
zmirror,1579587102472,randread,mach2_zfs_zmirror,2M,64G,12,180,141394182144,785309455,63833.528034,31.097705,0,0,0,0
zmirror,1579553652508,randread,mach2_zfs_zmirror,2M,64G,1,180,370281545728,2057108270,2006586.562674,979.738162,0,0,0,0
zmirror,1579561786770,randread,mach2_zfs_zmirror,2M,64G,2,180,118870769664,660352809,321686.664345,156.841226,0,0,0,0
zmirror,1579569921749,randread,mach2_zfs_zmirror,2M,64G,4,180,108114477056,600569253,146218.36739,71.156053,0,0,0,0
zmirror,1579578513001,randread,mach2_zfs_zmirror,2M,64G,8,180,140163153920,778519834,94694.012649,46.11033,0,0,0,0
zmirror,1579586198577,randread,mach2_zfs_zmirror,32k,64G,12,180,33037975552,183523917,14911.774716,465.937022,0,0,0,0
zmirror,1579552748962,randread,mach2_zfs_zmirror,32k,64G,1,180,120548229120,669708663,653340.203343,20416.685237,0,0,0,0
zmirror,1579560883096,randread,mach2_zfs_zmirror,32k,64G,2,180,27842576384,154674105,75535.382476,2360.350487,0,0,0,0
zmirror,1579569018022,randread,mach2_zfs_zmirror,32k,64G,4,180,19773849600,109851058,26791.852778,837.120139,0,0,0,0
zmirror,1579577609176,randread,mach2_zfs_zmirror,32k,64G,8,180,30607802368,170034844,20735.178125,647.941319,0,0,0,0
zmirror,1579585656326,randread,mach2_zfs_zmirror,4k,64G,12,180,1600667648,8892153,722.261435,180.363362,0,0,0,0
zmirror,1579552206845,randread,mach2_zfs_zmirror,4k,64G,1,180,16389283840,91051071,88833.038997,22208.100279,0,0,0,0
zmirror,1579560340912,randread,mach2_zfs_zmirror,4k,64G,2,180,922796032,5126018,2506.227019,626.466574,0,0,0,0
zmirror,1579568475796,randread,mach2_zfs_zmirror,4k,64G,4,180,833413120,4629789,1129.853064,282.336351,0,0,0,0
zmirror,1579577066979,randread,mach2_zfs_zmirror,4k,64G,8,180,1472749568,8181487,998.597353,249.623824,0,0,0,0
zmirror,1579586740875,randread,mach2_zfs_zmirror,512k,64G,12,180,76920913920,427283813,34692.564558,67.628765,0,0,0,0
zmirror,1579553291077,randread,mach2_zfs_zmirror,512k,64G,1,180,360384561152,2002125327,1953858.506964,3816.030641,0,0,0,0
zmirror,1579561425248,randread,mach2_zfs_zmirror,512k,64G,2,180,69351768064,385274757,188173.835655,367.4039,0,0,0,0
zmirror,1579569560250,randread,mach2_zfs_zmirror,512k,64G,4,180,50725388288,281770143,68759.750698,133.962989,0,0,0,0
zmirror,1579578151452,randread,mach2_zfs_zmirror,512k,64G,8,180,58526793728,325123566,39629.072504,77.099475,0,0,0,0
zmirror,1579586379329,randread,mach2_zfs_zmirror,64k,64G,12,180,73731473408,409573788,33270.256713,519.79375,0,0,0,0
zmirror,1579552929651,randread,mach2_zfs_zmirror,64k,64G,1,180,211817070592,1176754965,1148501.506964,17945.167131,0,0,0,0
zmirror,1579561063827,randread,mach2_zfs_zmirror,64k,64G,2,180,63455035392,352486850,171962.284722,2686.6875,0,0,0,0
zmirror,1579569198736,randread,mach2_zfs_zmirror,64k,64G,4,180,45368868864,252036669,61452.297222,960.038194,0,0,0,0
zmirror,1579577789931,randread,mach2_zfs_zmirror,64k,64G,8,180,62501224448,347157664,42341.568253,661.416117,0,0,0,0
zmirror,1579585837074,randread,mach2_zfs_zmirror,8k,64G,12,180,5737881600,31874640,2587.6125,323.352778,0,0,0,0
zmirror,1579552387564,randread,mach2_zfs_zmirror,8k,64G,1,180,30551490560,169729560,165609.654596,20701.033426,0,0,0,0
zmirror,1579560521644,randread,mach2_zfs_zmirror,8k,64G,2,180,3585687552,19919269,9715.711111,1214.368056,0,0,0,0
zmirror,1579568656526,randread,mach2_zfs_zmirror,8k,64G,4,180,2874023936,15965557,3891.051389,486.299306,0,0,0,0
zmirror,1579577247711,randread,mach2_zfs_zmirror,8k,64G,8,180,5005541376,27806709,3388.037153,423.468056,0,0,0,0
zmirror,1579584932746,randrw,mach2_zfs_zmirror,128k,64G,12,180,46830452736,260102711,21133.532886,164.996295,46918139904,260589737,21173.286244,165.307087
zmirror,1579551483584,randrw,mach2_zfs_zmirror,128k,64G,1,180,167759577088,931992472,910091.409471,7110.044568,167613825024,931182743,909354.033426,7104.295265
zmirror,1579559617716,randrw,mach2_zfs_zmirror,128k,64G,2,180,25145114624,139673354,68129.438889,532.081944,25148522496,139692283,68140.298611,532.159722
zmirror,1579567752477,randrw,mach2_zfs_zmirror,128k,64G,4,180,26761756672,148668166,36273.280751,283.307158,26850623488,149161843,36390.225156,284.222377
zmirror,1579576343597,randrw,mach2_zfs_zmirror,128k,64G,8,180,40393637888,224399126,27342.456944,213.564583,40334786560,224072188,27306.382986,213.282639
zmirror,1579584390396,randrw,mach2_zfs_zmirror,16k,64G,12,180,3050799104,16947377,1373.639731,85.773327,3054206976,16966308,1375.269738,85.875203
zmirror,1579550941269,randrw,mach2_zfs_zmirror,16k,64G,1,180,28087304192,156039711,152364.722222,9522.772222,28063924224,155909823,152237.955556,9514.85
zmirror,1579559075494,randrw,mach2_zfs_zmirror,16k,64G,2,180,1441251328,8006551,3903.408333,243.852778,1441923072,8010283,3904.425,243.918056
zmirror,1579567210257,randrw,mach2_zfs_zmirror,16k,64G,4,180,1838383104,10212672,2488.494788,155.33009,1848590336,10269375,2501.561501,156.148019
zmirror,1579575801344,randrw,mach2_zfs_zmirror,16k,64G,8,180,2703867904,15020653,1828.549844,114.233762,2704146432,15022201,1827.767361,114.184722
zmirror,1579585294520,randrw,mach2_zfs_zmirror,1M,64G,12,180,68401758208,379912679,30780.069496,30.000466,68937580544,382888709,31025.100513,30.239739
zmirror,1579551845207,randrw,mach2_zfs_zmirror,1M,64G,1,180,182498361344,1013874152,989852.245125,966.62117,182174351360,1012074107,988215.311978,965.022284
zmirror,1579559979292,randrw,mach2_zfs_zmirror,1M,64G,2,180,44610617344,247825748,120594.3375,117.688889,44682969088,248227684,120844.555556,117.930556
zmirror,1579568114111,randrw,mach2_zfs_zmirror,1M,64G,4,180,50545557504,280761859,68388.591922,66.683844,50939822080,282951852,68878.841922,67.162953
zmirror,1579576705307,randrw,mach2_zfs_zmirror,1M,64G,8,180,61709746176,342759562,41707.563002,40.680628,61818798080,343365278,41763.21082,40.735777
zmirror,1579585475543,randrw,mach2_zfs_zmirror,2M,64G,12,180,74285318144,412457902,33523.11523,16.310272,74937532416,416079223,33786.690111,16.439226
zmirror,1579552026079,randrw,mach2_zfs_zmirror,2M,64G,1,180,189347659776,1051925599,1026302.094708,501.075209,188819177472,1048989602,1023235.089136,499.582173
zmirror,1579560160198,randrw,mach2_zfs_zmirror,2M,64G,2,180,55310286848,307250353,149268.761111,72.741667,55807311872,310011342,150604.854167,73.394444
zmirror,1579568295104,randrw,mach2_zfs_zmirror,2M,64G,4,180,54169436160,300881135,72957.149721,35.546657,54951673856,305226031,74026.534495,36.06899
zmirror,1579576886258,randrw,mach2_zfs_zmirror,2M,64G,8,180,66676850688,370373449,44988.976107,21.913563,67788341248,376547505,45806.471188,22.31272
zmirror,1579584571158,randrw,mach2_zfs_zmirror,32k,64G,12,180,6974963712,38746139,3144.661724,98.240037,6985646080,38805479,3148.960612,98.374421
zmirror,1579551122032,randrw,mach2_zfs_zmirror,32k,64G,1,180,54666493952,303701056,296531.777159,9266.584958,54622683136,303457664,296303.32312,9259.45961
zmirror,1579559256224,randrw,mach2_zfs_zmirror,32k,64G,2,180,3805315072,21139112,10304.697222,321.8625,3807510528,21151308,10327.657858,322.579972
zmirror,1579567390990,randrw,mach2_zfs_zmirror,32k,64G,4,180,4990238720,27722162,6756.061111,211.059028,5000527872,27779321,6769.313194,211.472917
zmirror,1579575982088,randrw,mach2_zfs_zmirror,32k,64G,8,180,6231523328,34614766,4219.645688,131.740612,6229655552,34604391,4218.0379,131.689847
zmirror,1579584028906,randrw,mach2_zfs_zmirror,4k,64G,12,180,407670784,2264498,184.993675,46.212228,409387008,2274031,185.889878,46.43627
zmirror,1579550579793,randrw,mach2_zfs_zmirror,4k,64G,1,180,6885892096,38254743,37365.54039,9341.370474,6880079872,38222453,37334.774373,9333.679666
zmirror,1579558714072,randrw,mach2_zfs_zmirror,4k,64G,2,180,328204288,1823154,890.644847,222.51532,329019392,1827682,892.728412,223.036212
zmirror,1579566848828,randrw,mach2_zfs_zmirror,4k,64G,4,180,227926016,1266185,310.617275,77.447331,229670912,1275878,313.110253,78.070927
zmirror,1579575439874,randrw,mach2_zfs_zmirror,4k,64G,8,180,328527872,1824962,223.448965,55.752017,328376320,1824120,223.328541,55.72195
zmirror,1579585113597,randrw,mach2_zfs_zmirror,512k,64G,12,180,54308896768,301617229,24452.263879,47.707549,54538534912,302892579,24565.013708,47.927742
zmirror,1579551664381,randrw,mach2_zfs_zmirror,512k,64G,1,180,181082783744,1006009876,982305.373259,1918.518106,180804911104,1004466147,980887.289694,1915.749304
zmirror,1579559798482,randrw,mach2_zfs_zmirror,512k,64G,2,180,25163202560,139787027,68060.765278,132.783333,25161105408,139775377,68030.348611,132.722222
zmirror,1579567933254,randrw,mach2_zfs_zmirror,512k,64G,4,180,29617029120,164520770,40084.961699,78.170613,29812588544,165607091,40356.488858,78.701253
zmirror,1579576524413,randrw,mach2_zfs_zmirror,512k,64G,8,180,45242908672,251299232,30662.499476,59.820119,45319979008,251727315,30725.051345,59.942368
zmirror,1579584751947,randrw,mach2_zfs_zmirror,64k,64G,12,180,15603728384,86671008,7036.429564,109.868397,15640035328,86872675,7053.563485,110.136006
zmirror,1579551302817,randrw,mach2_zfs_zmirror,64k,64G,1,180,96140853248,534112884,521474.094708,8147.991643,96035209216,533525976,520928.130919,8139.456825
zmirror,1579559436968,randrw,mach2_zfs_zmirror,64k,64G,2,180,9967697920,55374253,27008.975,421.936111,9974120448,55409933,27029.577778,422.256944
zmirror,1579567571726,randrw,mach2_zfs_zmirror,64k,64G,4,180,12295667712,68304331,16651.0375,260.047917,12290883584,68277755,16655.221682,260.113968
zmirror,1579576162823,randrw,mach2_zfs_zmirror,64k,64G,8,180,13592625152,75505775,9212.806193,143.900139,13598130176,75536355,9217.26618,143.969729
zmirror,1579584209655,randrw,mach2_zfs_zmirror,8k,64G,12,180,1119592448,6219336,505.848767,63.1745,1122893824,6237675,507.105398,63.331782
zmirror,1579550760531,randrw,mach2_zfs_zmirror,8k,64G,1,180,13745422336,76363033,74556.682451,9319.543175,13734338560,76301456,74498.718663,9312.320334
zmirror,1579558894786,randrw,mach2_zfs_zmirror,8k,64G,2,180,365658112,2031309,990.077886,123.625869,365649920,2031264,989.844228,123.595271
zmirror,1579567029529,randrw,mach2_zfs_zmirror,8k,64G,4,180,754204672,4189816,1019.751911,127.23836,755965952,4199600,1021.935372,127.512161
zmirror,1579575620615,randrw,mach2_zfs_zmirror,8k,64G,8,180,1102446592,6124295,744.659257,92.967002,1103560704,6130484,745.732801,93.101112
zmirror,1579588187084,randwrite,mach2_zfs_zmirror,128k,64G,12,180,0,0,0,0,204215549952,1134511924,92262.878388,720.777392
zmirror,1579554737148,randwrite,mach2_zfs_zmirror,128k,64G,1,180,0,0,0,0,265873784832,1477068376,1440429.033426,11253.328691
zmirror,1579562871110,randwrite,mach2_zfs_zmirror,128k,64G,2,180,0,0,0,0,252082257920,1400449208,683258.526462,5337.935933
zmirror,1579571006247,randwrite,mach2_zfs_zmirror,128k,64G,4,180,0,0,0,0,255565627392,1419801153,347078.825209,2711.538301
zmirror,1579579597482,randwrite,mach2_zfs_zmirror,128k,64G,8,180,0,0,0,0,227467853824,1263703278,154085.62883,1203.76915
zmirror,1579587644787,randwrite,mach2_zfs_zmirror,16k,64G,12,180,0,0,0,0,5635096576,31298962,2544.882927,159.0223
zmirror,1579554194827,randwrite,mach2_zfs_zmirror,16k,64G,1,180,0,0,0,0,34146910208,189704002,185564.030641,11597.732591
zmirror,1579562328948,randwrite,mach2_zfs_zmirror,16k,64G,2,180,0,0,0,0,12897943552,71651659,35019.364395,2188.664812
zmirror,1579570464007,randwrite,mach2_zfs_zmirror,16k,64G,4,180,0,0,0,0,5100978176,28336406,6905.251389,431.479167
zmirror,1579579055232,randwrite,mach2_zfs_zmirror,16k,64G,8,180,0,0,0,0,5172723712,28733682,3505.431407,219.034819
zmirror,1579588548937,randwrite,mach2_zfs_zmirror,1M,64G,12,180,0,0,0,0,239742222336,1331864238,107714.935671,105.13725
zmirror,1579555098780,randwrite,mach2_zfs_zmirror,1M,64G,1,180,0,0,0,0,268433358848,1491288153,1456745.651811,1422.582173
zmirror,1579563232809,randwrite,mach2_zfs_zmirror,1M,64G,2,180,0,0,0,0,261708840960,1453929927,709441.13491,692.789986
zmirror,1579571367984,randwrite,mach2_zfs_zmirror,1M,64G,4,180,0,0,0,0,254453743616,1413616202,344350.140278,336.256944
zmirror,1579579959317,randwrite,mach2_zfs_zmirror,1M,64G,8,180,0,0,0,0,253599154176,1408798096,171231.035069,167.176736
zmirror,1579588729982,randwrite,mach2_zfs_zmirror,2M,64G,12,180,0,0,0,0,251849080832,1399076061,113392.081618,55.311506
zmirror,1579555279678,randwrite,mach2_zfs_zmirror,2M,64G,1,180,0,0,0,0,267449794560,1485815682,1449359.097222,707.661111
zmirror,1579563413800,randwrite,mach2_zfs_zmirror,2M,64G,2,180,0,0,0,0,266812260352,1482265630,721611.859527,352.325452
zmirror,1579571549003,randwrite,mach2_zfs_zmirror,2M,64G,4,180,0,0,0,0,262861225984,1460315805,354945.444599,173.268293
zmirror,1579580140360,randwrite,mach2_zfs_zmirror,2M,64G,8,180,0,0,0,0,254164336640,1411977026,171240.40955,83.561171
zmirror,1579587825580,randwrite,mach2_zfs_zmirror,32k,64G,12,180,0,0,0,0,12780437504,70997302,5770.815692,180.300604
zmirror,1579554375597,randwrite,mach2_zfs_zmirror,32k,64G,1,180,0,0,0,0,72683290624,403793815,393994.818942,12312.317549
zmirror,1579562509646,randwrite,mach2_zfs_zmirror,32k,64G,2,180,0,0,0,0,33636155392,186865453,91323.058414,2853.789986
zmirror,1579570644742,randwrite,mach2_zfs_zmirror,32k,64G,4,180,0,0,0,0,8162869248,45346754,11084.188153,346.266202
zmirror,1579579236024,randwrite,mach2_zfs_zmirror,32k,64G,8,180,0,0,0,0,11868962816,65933187,8047.888579,251.462396
zmirror,1579587283224,randwrite,mach2_zfs_zmirror,4k,64G,12,180,0,0,0,0,1063280640,5906491,479.255863,119.775482
zmirror,1579553833257,randwrite,mach2_zfs_zmirror,4k,64G,1,180,0,0,0,0,8533635072,47408820,46239.935933,11559.980501
zmirror,1579561967522,randwrite,mach2_zfs_zmirror,4k,64G,2,180,0,0,0,0,1791635456,9952700,4855.484722,1213.8
zmirror,1579570102494,randwrite,mach2_zfs_zmirror,4k,64G,4,180,0,0,0,0,846499840,4702411,1144.838889,286.114583
zmirror,1579578693758,randwrite,mach2_zfs_zmirror,4k,64G,8,180,0,0,0,0,943742976,5242637,640.389102,159.988124
zmirror,1579588367974,randwrite,mach2_zfs_zmirror,512k,64G,12,180,0,0,0,0,238734540800,1326280899,107546.754984,210.01924
zmirror,1579554917945,randwrite,mach2_zfs_zmirror,512k,64G,1,180,0,0,0,0,264596094976,1469970138,1435117.113889,2802.947222
zmirror,1579563051920,randwrite,mach2_zfs_zmirror,512k,64G,2,180,0,0,0,0,255807979520,1421147546,693503.157382,1354.472145
zmirror,1579571187067,randwrite,mach2_zfs_zmirror,512k,64G,4,180,0,0,0,0,254603689984,1414441370,345142.336117,674.085595
zmirror,1579579778393,randwrite,mach2_zfs_zmirror,512k,64G,8,180,0,0,0,0,246821158912,1371175337,167030.52935,326.211532
zmirror,1579588006328,randwrite,mach2_zfs_zmirror,64k,64G,12,180,0,0,0,0,27706195968,153913050,12525.967465,195.65466
zmirror,1579554556372,randwrite,mach2_zfs_zmirror,64k,64G,1,180,0,0,0,0,140998803456,783322334,764836.094444,11950.533333
zmirror,1579562690368,randwrite,mach2_zfs_zmirror,64k,64G,2,180,0,0,0,0,55303733248,307234428,150147.279555,2345.98331
zmirror,1579570825461,randwrite,mach2_zfs_zmirror,64k,64G,4,180,0,0,0,0,22181117952,123216795,30032.832639,469.136806
zmirror,1579579416755,randwrite,mach2_zfs_zmirror,64k,64G,8,180,0,0,0,0,27120238592,150662133,18396.500522,287.387321
zmirror,1579587463986,randwrite,mach2_zfs_zmirror,8k,64G,12,180,0,0,0,0,2442330112,13567520,1101.27374,137.628744
zmirror,1579554014011,randwrite,mach2_zfs_zmirror,8k,64G,1,180,0,0,0,0,16886325248,93812396,91522.267409,11440.261838
zmirror,1579562148228,randwrite,mach2_zfs_zmirror,8k,64G,2,180,0,0,0,0,3764731904,20914712,10218.980529,1277.310153
zmirror,1579570283279,randwrite,mach2_zfs_zmirror,8k,64G,4,180,0,0,0,0,1736138752,9643233,2353.49826,294.123173
zmirror,1579578874482,randwrite,mach2_zfs_zmirror,8k,64G,8,180,0,0,0,0,2174058496,12077230,1471.580028,183.921364
zmirror,1579583305673,read,mach2_zfs_zmirror,128k,64G,12,180,309545402368,1719410111,139842.938875,1092.464922,0,0,0,0
zmirror,1579549856975,read,mach2_zfs_zmirror,128k,64G,1,180,362449862656,2013599161,1965323.930362,15353.949861,0,0,0,0
zmirror,1579557991176,read,mach2_zfs_zmirror,128k,64G,2,180,225089290240,1250454375,610253.020833,4767.494444,0,0,0,0
zmirror,1579566125829,read,mach2_zfs_zmirror,128k,64G,4,180,273560109056,1519685513,370842.209173,2897.14524,0,0,0,0
zmirror,1579574716822,read,mach2_zfs_zmirror,128k,64G,8,180,319511855104,1774789783,216611.721237,1692.226973,0,0,0,0
zmirror,1579582763264,read,mach2_zfs_zmirror,16k,64G,12,180,316395274240,1757302435,143038.458082,8939.87031,0,0,0,0
zmirror,1579549314794,read,mach2_zfs_zmirror,16k,64G,1,180,290587951104,1614368537,1575041.732591,98439.961003,0,0,0,0
zmirror,1579557449033,read,mach2_zfs_zmirror,16k,64G,2,180,196624351232,1092351438,533286.181058,33330.229805,0,0,0,0
zmirror,1579565583585,read,mach2_zfs_zmirror,16k,64G,4,180,270564933632,1503080067,366912.379694,22931.962448,0,0,0,0
zmirror,1579574174561,read,mach2_zfs_zmirror,16k,64G,8,180,318484201472,1769120792,215955.891591,13497.201529,0,0,0,0
zmirror,1579583667243,read,mach2_zfs_zmirror,1M,64G,12,180,308127203328,1711313909,139206.584923,135.872732,0,0,0,0
zmirror,1579550218392,read,mach2_zfs_zmirror,1M,64G,1,180,361549004800,2008594423,1959322.679666,1913.317549,0,0,0,0
zmirror,1579558352624,read,mach2_zfs_zmirror,1M,64G,2,180,207174500352,1150918294,561061.738526,547.805285,0,0,0,0
zmirror,1579566487359,read,mach2_zfs_zmirror,1M,64G,4,180,269590986752,1497345049,365398.051496,356.804454,0,0,0,0
zmirror,1579575078352,read,mach2_zfs_zmirror,1M,64G,8,180,334513569792,1858026793,226763.858885,221.393031,0,0,0,0
zmirror,1579583848108,read,mach2_zfs_zmirror,2M,64G,12,180,307293585408,1706106051,138738.21986,67.671028,0,0,0,0
zmirror,1579550399089,read,mach2_zfs_zmirror,2M,64G,1,180,360680783872,2003771000,1953903.259053,954.011142,0,0,0,0
zmirror,1579558533337,read,mach2_zfs_zmirror,2M,64G,2,180,201769091072,1120926940,547143.86351,267.05571,0,0,0,0
zmirror,1579566668108,read,mach2_zfs_zmirror,2M,64G,4,180,267437211648,1485679749,362250.116376,176.786063,0,0,0,0
zmirror,1579575259138,read,mach2_zfs_zmirror,2M,64G,8,180,339604406272,1886240544,230163.683199,112.305623,0,0,0,0
zmirror,1579582944096,read,mach2_zfs_zmirror,32k,64G,12,180,314281689088,1745088364,142047.372917,4438.943519,0,0,0,0
zmirror,1579549495504,read,mach2_zfs_zmirror,32k,64G,1,180,384631996416,2136832553,2085315.958217,65165.958217,0,0,0,0
zmirror,1579557629719,read,mach2_zfs_zmirror,32k,64G,2,180,212956676096,1183086072,577436.597493,18044.777159,0,0,0,0
zmirror,1579565764331,read,mach2_zfs_zmirror,32k,64G,4,180,273484480512,1519324462,370824.705146,11588.196801,0,0,0,0
zmirror,1579574355330,read,mach2_zfs_zmirror,32k,64G,8,180,318145822720,1767142999,215684.901042,6740.099306,0,0,0,0
zmirror,1579582401698,read,mach2_zfs_zmirror,4k,64G,12,180,323387244544,1796056985,146229.857308,36557.446143,0,0,0,0
zmirror,1579548953366,read,mach2_zfs_zmirror,4k,64G,1,180,148400902144,824444876,804596.114206,201148.899721,0,0,0,0
zmirror,1579557087592,read,mach2_zfs_zmirror,4k,64G,2,180,149633769472,831243303,405692.866667,101423.102778,0,0,0,0
zmirror,1579565222103,read,mach2_zfs_zmirror,4k,64G,4,180,258556801024,1436346875,350687.215031,87671.782881,0,0,0,0
zmirror,1579573813076,read,mach2_zfs_zmirror,4k,64G,8,180,322721280000,1792567362,218875.189715,54718.782835,0,0,0,0
zmirror,1579583486453,read,mach2_zfs_zmirror,512k,64G,12,180,307295682560,1706799983,138887.55896,271.230501,0,0,0,0
zmirror,1579550037689,read,mach2_zfs_zmirror,512k,64G,1,180,355581558784,1975442129,1927262.933148,3763.986072,0,0,0,0
zmirror,1579558171894,read,mach2_zfs_zmirror,512k,64G,2,180,218365952000,1213110480,591989.161335,1156.154381,0,0,0,0
zmirror,1579566306573,read,mach2_zfs_zmirror,512k,64G,4,180,266863116288,1482474036,361465.437109,705.912439,0,0,0,0
zmirror,1579574897567,read,mach2_zfs_zmirror,512k,64G,8,180,324591419392,1802915064,220150.279151,429.956491,0,0,0,0
zmirror,1579583124915,read,mach2_zfs_zmirror,64k,64G,12,180,310493315072,1724321030,140364.050753,2193.163384,0,0,0,0
zmirror,1579549676241,read,mach2_zfs_zmirror,64k,64G,1,180,367426600960,2041247553,1992273.044568,31129.144847,0,0,0,0
zmirror,1579557810442,read,mach2_zfs_zmirror,64k,64G,2,180,222733664256,1237388622,604097.94993,9438.93185,0,0,0,0
zmirror,1579565945094,read,mach2_zfs_zmirror,64k,64G,4,180,274122670080,1522430077,371719.059069,5808.05073,0,0,0,0
zmirror,1579574536067,read,mach2_zfs_zmirror,64k,64G,8,180,318646714368,1770033353,216024.299166,3375.33426,0,0,0,0
zmirror,1579582582486,read,mach2_zfs_zmirror,8k,64G,12,180,313059016704,1738772406,141516.870139,17689.585417,0,0,0,0
zmirror,1579549134068,read,mach2_zfs_zmirror,8k,64G,1,180,232844566528,1293573738,1262381.910864,157797.545961,0,0,0,0
zmirror,1579557268328,read,mach2_zfs_zmirror,8k,64G,2,180,174778368000,970926204,474070.250348,59258.687065,0,0,0,0
zmirror,1579565402840,read,mach2_zfs_zmirror,8k,64G,4,180,263251460096,1462223790,356974.790827,44621.76442,0,0,0,0
zmirror,1579573993812,read,mach2_zfs_zmirror,8k,64G,8,180,317003489280,1760758780,214955.808548,26869.432592,0,0,0,0
zmirror,1579581232976,write,mach2_zfs_zmirror,128k,64G,12,180,0,0,0,0,271962603520,1510894959,122938.603852,960.432119
zmirror,1579548230064,write,mach2_zfs_zmirror,128k,64G,1,180,0,0,0,0,284898754560,1582762065,1545190.398329,12071.796657
zmirror,1579556364122,write,mach2_zfs_zmirror,128k,64G,2,180,0,0,0,0,270682685440,1503784342,733916.965181,5733.711699
zmirror,1579564498322,write,mach2_zfs_zmirror,128k,64G,4,180,0,0,0,0,271751053312,1509719686,368526.087744,2879.094708
zmirror,1579572640793,write,mach2_zfs_zmirror,128k,64G,8,180,0,0,0,0,269716815872,1498418430,183147.792959,1430.806901
zmirror,1579580686042,write,mach2_zfs_zmirror,16k,64G,12,180,0,0,0,0,254315036672,1412178761,114632.506951,7164.515987
zmirror,1579547687824,write,mach2_zfs_zmirror,16k,64G,1,180,0,0,0,0,217855082496,1210299289,1181948.069638,73871.729805
zmirror,1579555821893,write,mach2_zfs_zmirror,16k,64G,2,180,0,0,0,0,68711776256,381723607,186464.109875,11653.934631
zmirror,1579563956062,write,mach2_zfs_zmirror,16k,64G,4,180,0,0,0,0,85703868416,476114086,116309.922756,7269.307585
zmirror,1579572094284,write,mach2_zfs_zmirror,16k,64G,8,180,0,0,0,0,269865959424,1497491617,182676.846261,11417.286609
zmirror,1579581596186,write,mach2_zfs_zmirror,1M,64G,12,180,0,0,0,0,283660779520,1575796920,127544.102131,124.515053
zmirror,1579548591741,write,mach2_zfs_zmirror,1M,64G,1,180,0,0,0,0,281792217088,1565494922,1527900.802778,1492.05
zmirror,1579556725801,write,mach2_zfs_zmirror,1M,64G,2,180,0,0,0,0,269797556224,1498866985,730988.791377,713.819193
zmirror,1579564860023,write,mach2_zfs_zmirror,1M,64G,4,180,0,0,0,0,279332257792,1551811391,378102.184722,369.220833
zmirror,1579573004332,write,mach2_zfs_zmirror,1M,64G,8,180,0,0,0,0,289722597376,1609435865,195775.051059,191.151094
zmirror,1579581777856,write,mach2_zfs_zmirror,2M,64G,12,180,0,0,0,0,285850206208,1587968480,127997.211248,62.452475
zmirror,1579548772624,write,mach2_zfs_zmirror,2M,64G,1,180,0,0,0,0,284973596672,1583177852,1544441.983333,754.088889
zmirror,1579556906809,write,mach2_zfs_zmirror,2M,64G,2,180,0,0,0,0,268120883200,1489543911,725775.1625,354.361111
zmirror,1579565041337,write,mach2_zfs_zmirror,2M,64G,4,180,0,0,0,0,274982764544,1524818754,371472.330556,181.347222
zmirror,1579573186655,write,mach2_zfs_zmirror,2M,64G,8,180,0,0,0,0,290629615616,1614528249,195688.446336,95.512331
zmirror,1579580868148,write,mach2_zfs_zmirror,32k,64G,12,180,0,0,0,0,261330436096,1450675215,117833.041725,3682.26217
zmirror,1579547868565,write,mach2_zfs_zmirror,32k,64G,1,180,0,0,0,0,271512141824,1508392407,1472803.941504,46025.111421
zmirror,1579556002635,write,mach2_zfs_zmirror,32k,64G,2,180,0,0,0,0,98462498816,546977417,265247.684284,8288.930459
zmirror,1579564136810,write,mach2_zfs_zmirror,32k,64G,4,180,0,0,0,0,116017463296,644491335,157533.472184,4922.874826
zmirror,1579572276361,write,mach2_zfs_zmirror,32k,64G,8,180,0,0,0,0,262232309760,1456271747,177566.942281,5548.95306
zmirror,1579580321546,write,mach2_zfs_zmirror,4k,64G,12,180,0,0,0,0,226331672576,1255647250,102099.203429,25524.791705
zmirror,1579547326333,write,mach2_zfs_zmirror,4k,64G,1,180,0,0,0,0,98328317952,546265398,533117.259053,133279.253482
zmirror,1579555460466,write,mach2_zfs_zmirror,4k,64G,2,180,0,0,0,0,121255763968,673587000,328842.841667,82210.640278
zmirror,1579563594606,write,mach2_zfs_zmirror,4k,64G,4,180,0,0,0,0,151060365312,839191616,204974.683808,51243.651147
zmirror,1579571729930,write,mach2_zfs_zmirror,4k,64G,8,180,0,0,0,0,244064284672,1355536154,165217.911335,41304.440542
zmirror,1579581414408,write,mach2_zfs_zmirror,512k,64G,12,180,0,0,0,0,286465720320,1591370132,129140.225926,252.206481
zmirror,1579548410881,write,mach2_zfs_zmirror,512k,64G,1,180,0,0,0,0,282926776320,1571806691,1536839.395543,3001.604457
zmirror,1579556544929,write,mach2_zfs_zmirror,512k,64G,2,180,0,0,0,0,271492579328,1508283728,736078.005563,1437.624478
zmirror,1579564679181,write,mach2_zfs_zmirror,512k,64G,4,180,0,0,0,0,279605411840,1553354769,379260.452331,740.718163
zmirror,1579572822336,write,mach2_zfs_zmirror,512k,64G,8,180,0,0,0,0,281001066496,1561065000,190187.551736,371.446181
zmirror,1579581050271,write,mach2_zfs_zmirror,64k,64G,12,180,0,0,0,0,253095313408,1405179514,114151.86608,1783.594764
zmirror,1579548049295,write,mach2_zfs_zmirror,64k,64G,1,180,0,0,0,0,277993947136,1544402237,1507947.796657,23561.665738
zmirror,1579556183414,write,mach2_zfs_zmirror,64k,64G,2,180,0,0,0,0,117171290112,650879291,317774.091667,4965.184722
zmirror,1579564317560,write,mach2_zfs_zmirror,64k,64G,4,180,0,0,0,0,90052362240,500229762,122329.587335,1911.350731
zmirror,1579572458666,write,mach2_zfs_zmirror,64k,64G,8,180,0,0,0,0,273687511040,1518461557,185763.605776,2902.521921
zmirror,1579580503539,write,mach2_zfs_zmirror,8k,64G,12,180,0,0,0,0,255119884288,1416073958,115039.100116,14379.870684
zmirror,1579547507057,write,mach2_zfs_zmirror,8k,64G,1,180,0,0,0,0,153686597632,853809687,833578.933148,104197.284123
zmirror,1579555641179,write,mach2_zfs_zmirror,8k,64G,2,180,0,0,0,0,36955373568,205290523,100193.713889,12524.126389
zmirror,1579563775326,write,mach2_zfs_zmirror,8k,64G,4,180,0,0,0,0,50866585600,282584292,68956.354659,8619.489569
zmirror,1579571912021,write,mach2_zfs_zmirror,8k,64G,8,180,0,0,0,0,252100796416,1400474395,171179.077271,21397.379394
